StartDate,EndDate,Status,IPAddress,Progress,Duration (in seconds),Finished,RecordedDate,ResponseId,RecipientLastName,RecipientFirstName,RecipientEmail,ExternalReference,LocationLatitude,LocationLongitude,DistributionChannel,UserLanguage,Lang,Group,gSize,Letter4,Letter5,Letter6,Self_Hum_1,Self_Hum_2,Self_Hum_3,Know4_1,Know4_2,Know4_3,Know4_4,Know5_1,Know5_2,Know5_3,Know5_4,Know5_5,Know6_1,Know6_2,Know6_3,Know6_4,Know6_5,Know6_6,Cre_A_1,Cre_A_2,Cre_A_3,Cre_B_1,Cre_B_2,Cre_B_3,Cre_C_1,Cre_C_2,Cre_C_3,Cre_D_1,Cre_D_2,Cre_D_3,Cre_E_1,Cre_E_2,Cre_E_3,Cre_F_1,Cre_F_2,Cre_F_3,Hum_A_1,Hum_A_2,Hum_A_3,Hum_B_1,Hum_B_2,Hum_B_3,Hum_C_1,Hum_C_2,Hum_C_3,Hum_D_1,Hum_D_2,Hum_D_3,Hum_E_1,Hum_E_2,Hum_E_3,Hum_F_1,Hum_F_2,Hum_F_3,Introv_A_1,Introv_A_2,Introv_B_1,Introv_B_2,Introv_C_1,Introv_C_2,Introv_D_1,Introv_D_2,Introv_E_1,Introv_E_2,Introv_F_1,Introv_F_2,Contrib_A_1,Contrib_A_2,Contrib_B_1,Contrib_B_2,Contrib_C_1,Contrib_C_2,Contrib_D_1,Contrib_D_2,Contrib_E_1,Contrib_E_2,Contrib_F_1,Contrib_F_2,Safe_A_1,Safe_A_2,Safe_A_3,Safe_B_1,Safe_B_2,Safe_B_3,Safe_C_1,Safe_C_2,Safe_C_3,Safe_D_1,Safe_D_2,Safe_D_3,Safe_E_1,Safe_E_2,Safe_E_3,Safe_F_1,Safe_F_2,Safe_F_3,Gender,Mother_Ton,Age,Tenure
Start Date,End Date,Response Type,IP Address,Progress,Duration (in seconds),Finished,Recorded Date,Response ID,Recipient Last Name,Recipient First Name,Recipient Email,External Data Reference,Location Latitude,Location Longitude,Distribution Channel,User Language,"Please chose your preferred language
בחר/י את השפה המועדפת עליך לצורך מילוי השאלון",Please insert your group id,How many people are in the group you received in the email (including yourself)?,What is your code letter?,What is your code letter?,What is your code letter?,self humility - I admit it when I don’t know how to do something,self humility - I take notice of other’s strengths,self humility - I am open to the advice of others,How well do you know each of the group members? - How well do you know  A?,How well do you know each of the group members? - How well do you know  B?,How well do you know each of the group members? - How well do you know  C?,How well do you know each of the group members? - How well do you know  D?,How well do you know each of the group members? - How well do you know  A?,How well do you know each of the group members? - How well do you know  B?,How well do you know each of the group members? - How well do you know  C?,How well do you know each of the group members? - How well do you know  D?,How well do you know each of the group members? - How well do you know  E?,How well do you know each of the group members? - How well do you know  A?,How well do you know each of the group members? - How well do you know  B?,How well do you know each of the group members? - How well do you know  C?,How well do you know each of the group members? - How well do you know  D?,How well do you know each of the group members? - How well do you know  E?,How well do you know each of the group members? - How well do you know  F?,"In the following statements, please refer to your impression of person A - A suggests new ways to achieve goals or objectives","In the following statements, please refer to your impression of person A - A is a good source of creative ideas","In the following statements, please refer to your impression of person A - A often has a fresh approach to problems","In the following statements, please refer to your impression of person B - B  suggests new ways to achieve goals or objectives.","In the following statements, please refer to your impression of person B - B is a good source of creative ideas","In the following statements, please refer to your impression of person B - B often has a fresh approach to problems","In the following statements, please refer to your impression of person C - C suggests new ways to achieve goals or objectives","In the following statements, please refer to your impression of person C - C is a good source of creative ideas","In the following statements, please refer to your impression of person C - C often has a fresh approach to problems","In the following statements, please refer to your impression of person D - D suggests new ways to achieve goals or objectives.","In the following statements, please refer to your impression of person D - D is a good source of creative ideas","In the following statements, please refer to your impression of person D - D often has a fresh approach to problems","In the following statements, please refer to your impression of person E - E suggests new ways to achieve goals or objectives.","In the following statements, please refer to your impression of person E - E is a good source of creative ideas","In the following statements, please refer to your impression of person E - E often has a fresh approach to problems","In the following statements, please refer to your impression of person F - F suggests new ways to achieve goals or objectives.","In the following statements, please refer to your impression of person F - F  is a good source of creative ideas","In the following statements, please refer to your impression of person F - F  often has a fresh approach to problems","In the following statements, please refer to your impression of person A - A admits it when they don’t know how to do something","In the following statements, please refer to your impression of person A - A takes notice of others’ strengths","In the following statements, please refer to your impression of person A - A is open to the advice of others","In the following statements, please refer to your impression of person B - B admits it when they don’t know how to do something","In the following statements, please refer to your impression of person B - B takes notice of others’ strengths","In the following statements, please refer to your impression of person B - B is open to the advice of others","In the following statements, please refer to your impression of person C - C admits it when they don’t know how to do something","In the following statements, please refer to your impression of person C - C  takes notice of others’ strengths","In the following statements, please refer to your impression of person C - C  is open to the advice of others","In the following statements, please refer to your impression of person D - D  admits it when they don’t know how to do something","In the following statements, please refer to your impression of person D - D  takes notice of others’ strengths","In the following statements, please refer to your impression of person D - D  is open to the advice of others","In the following statements, please refer to your impression of person E - E  admits it when they don’t know how to do something","In the following statements, please refer to your impression of person E - E takes notice of others’ strengths","In the following statements, please refer to your impression of person E - E is open to the advice of others","In the following statements, please refer to your impression of person F - F admits it when they don’t know how to do something","In the following statements, please refer to your impression of person F - F takes notice of others’ strengths","In the following statements, please refer to your impression of person F - F is open to the advice of others","In the following statements, please refer to your impression of person A - A is usually talkative","In the following statements, please refer to your impression of person A - A is usually shy","In the following statements, please refer to your impression of person B - B is usually talkative","In the following statements, please refer to your impression of person B - B is usually shy","In the following statements, please refer to your impression of person C - C is usually talkative","In the following statements, please refer to your impression of person C - C is usually shy","In the following statements, please refer to your impression of person D - D is usually talkative","In the following statements, please refer to your impression of person D - D is usually shy","In the following statements, please refer to your impression of person E - E is usually talkative","In the following statements, please refer to your impression of person E - E is usually shy","In the following statements, please refer to your impression of person F - F is usually talkative","In the following statements, please refer to your impression of person F - F is usually shy","In the following statements, please refer to your impression of person A - The quality of A’s contribution to the organization is….","In the following statements, please refer to your impression of person A - The overall value that A adds to the organization is….","In the following statements, please refer to your impression of person B - The quality of B’s contribution to the organization is….","In the following statements, please refer to your impression of person B - The overall value that B adds to the organization is….","In the following statements, please refer to your impression of person C - The quality of C’s contribution to the organization is….","In the following statements, please refer to your impression of person C - The overall value that C adds to the organization is….","In the following statements, please refer to your impression of person D - The quality of D’s contribution to the organization is….","In the following statements, please refer to your impression of person D - The overall value that D adds to the organization is….","In the following statements, please refer to your impression of person E - The quality of E’s contribution to the organization is….","In the following statements, please refer to your impression of person E - The overall value that E adds to the organization is….","In the following statements, please refer to your impression of person F - The quality of F’s contribution to the organization is….","In the following statements, please refer to your impression of person F - The overall value that F adds to the organization is….","In the following statements, please refer to your feelings in the presence of person A - In A’s presence, I can be my true self","In the following statements, please refer to your feelings in the presence of person A - In A’s presence, I feel free to express my opinions","In the following statements, please refer to your feelings in the presence of person A - I feel threatened in A’s presence","In the following statements, please refer to your feelings in the presence of person B - In B’s presence, I can be my true self","In the following statements, please refer to your feelings in the presence of person B - In B’s presence, I feel free to express my opinions","In the following statements, please refer to your feelings in the presence of person B - I feel threatened in B’s presence","In the following statements, please refer to your feelings in the presence of person C - In C’s presence, I can be my true self","In the following statements, please refer to your feelings in the presence of person C - In C’s presence, I feel free to express my opinions","In the following statements, please refer to your feelings in the presence of person C - I feel threatened in C’s presence","In the following statements, please refer to your feelings in the presence of person D - In D’s presence, I can be my true self","In the following statements, please refer to your feelings in the presence of person D - In D’s presence, I feel free to express my opinions","In the following statements, please refer to your feelings in the presence of person D - I feel threatened in D’s presence","In the following statements, please refer to your feelings in the presence of person E - In E’s presence, I can be my true self","In the following statements, please refer to your feelings in the presence of person E - In E’s presence, I feel free to express my opinions","In the following statements, please refer to your feelings in the presence of person E - I feel threatened in E’s presence","In the following statements, please refer to your feelings in the presence of person F - In F’s presence, I can be my true self","In the following statements, please refer to your feelings in the presence of person F - In F’s presence, I feel free to express my opinions","In the following statements, please refer to your feelings in the presence of person F - I feel threatened in F’s presence",Gender,Mother Tongue,Age in years,Tenure in the organization:
"{""ImportId"":""startDate"",""timeZone"":""America/Denver""}","{""ImportId"":""endDate"",""timeZone"":""America/Denver""}","{""ImportId"":""status""}","{""ImportId"":""ipAddress""}","{""ImportId"":""progress""}","{""ImportId"":""duration""}","{""ImportId"":""finished""}","{""ImportId"":""recordedDate"",""timeZone"":""America/Denver""}","{""ImportId"":""_recordId""}","{""ImportId"":""recipientLastName""}","{""ImportId"":""recipientFirstName""}","{""ImportId"":""recipientEmail""}","{""ImportId"":""externalDataReference""}","{""ImportId"":""locationLatitude""}","{""ImportId"":""locationLongitude""}","{""ImportId"":""distributionChannel""}","{""ImportId"":""userLanguage""}","{""ImportId"":""QID164""}","{""ImportId"":""QID3_TEXT""}","{""ImportId"":""QID91""}","{""ImportId"":""QID4""}","{""ImportId"":""QID123""}","{""ImportId"":""QID124""}","{""ImportId"":""QID10_1""}","{""ImportId"":""QID10_2""}","{""ImportId"":""QID10_4""}","{""ImportId"":""QID133_1""}","{""ImportId"":""QID133_8""}","{""ImportId"":""QID133_2""}","{""ImportId"":""QID133_3""}","{""ImportId"":""QID165_1""}","{""ImportId"":""QID165_8""}","{""ImportId"":""QID165_2""}","{""ImportId"":""QID165_3""}","{""ImportId"":""QID165_9""}","{""ImportId"":""QID166_1""}","{""ImportId"":""QID166_8""}","{""ImportId"":""QID166_2""}","{""ImportId"":""QID166_3""}","{""ImportId"":""QID166_9""}","{""ImportId"":""QID166_10""}","{""ImportId"":""QID131_5""}","{""ImportId"":""QID131_4""}","{""ImportId"":""QID131_6""}","{""ImportId"":""QID135_5""}","{""ImportId"":""QID135_4""}","{""ImportId"":""QID135_6""}","{""ImportId"":""QID136_5""}","{""ImportId"":""QID136_4""}","{""ImportId"":""QID136_6""}","{""ImportId"":""QID137_5""}","{""ImportId"":""QID137_4""}","{""ImportId"":""QID137_6""}","{""ImportId"":""QID138_5""}","{""ImportId"":""QID138_4""}","{""ImportId"":""QID138_6""}","{""ImportId"":""QID139_5""}","{""ImportId"":""QID139_4""}","{""ImportId"":""QID139_6""}","{""ImportId"":""QID43_1""}","{""ImportId"":""QID43_2""}","{""ImportId"":""QID43_3""}","{""ImportId"":""QID159_1""}","{""ImportId"":""QID159_2""}","{""ImportId"":""QID159_3""}","{""ImportId"":""QID158_1""}","{""ImportId"":""QID158_2""}","{""ImportId"":""QID158_3""}","{""ImportId"":""QID157_1""}","{""ImportId"":""QID157_2""}","{""ImportId"":""QID157_3""}","{""ImportId"":""QID156_1""}","{""ImportId"":""QID156_2""}","{""ImportId"":""QID156_3""}","{""ImportId"":""QID155_1""}","{""ImportId"":""QID155_2""}","{""ImportId"":""QID155_3""}","{""ImportId"":""QID134_5""}","{""ImportId"":""QID134_4""}","{""ImportId"":""QID154_5""}","{""ImportId"":""QID154_4""}","{""ImportId"":""QID153_5""}","{""ImportId"":""QID153_4""}","{""ImportId"":""QID152_5""}","{""ImportId"":""QID152_4""}","{""ImportId"":""QID151_5""}","{""ImportId"":""QID151_4""}","{""ImportId"":""QID150_5""}","{""ImportId"":""QID150_4""}","{""ImportId"":""QID132_4""}","{""ImportId"":""QID132_6""}","{""ImportId"":""QID149_4""}","{""ImportId"":""QID149_6""}","{""ImportId"":""QID148_4""}","{""ImportId"":""QID148_6""}","{""ImportId"":""QID147_4""}","{""ImportId"":""QID147_6""}","{""ImportId"":""QID146_4""}","{""ImportId"":""QID146_6""}","{""ImportId"":""QID145_4""}","{""ImportId"":""QID145_6""}","{""ImportId"":""QID97_1""}","{""ImportId"":""QID97_2""}","{""ImportId"":""QID97_3""}","{""ImportId"":""QID144_1""}","{""ImportId"":""QID144_2""}","{""ImportId"":""QID144_3""}","{""ImportId"":""QID143_1""}","{""ImportId"":""QID143_2""}","{""ImportId"":""QID143_3""}","{""ImportId"":""QID142_1""}","{""ImportId"":""QID142_2""}","{""ImportId"":""QID142_3""}","{""ImportId"":""QID141_1""}","{""ImportId"":""QID141_2""}","{""ImportId"":""QID141_3""}","{""ImportId"":""QID140_1""}","{""ImportId"":""QID140_2""}","{""ImportId"":""QID140_3""}","{""ImportId"":""QID24""}","{""ImportId"":""QID61""}","{""ImportId"":""QID62_TEXT""}","{""ImportId"":""QID160""}"
2020-11-03 11:54:00,2020-11-03 11:54:04,1,,100,3,1,2020-11-03 11:54:04,R_Dq5Cs8Dw9CQ12jn,,,,,32.0666961669921875,34.766693115234375,preview,EN,2,,,,,,,,,,,,,,,,,,,,,,,,,,,,,,,,,,,,,,,,,,,,,,,,,,,,,,,,,,,,,,,,,,,,,,,,,,,,,,,,,,,,,,,,,,,,,,,,,,,,,,,,,
2020-11-03 23:16:12,2020-11-03 23:16:16,1,,100,4,1,2020-11-03 23:16:17,R_3lpossp3ZG4dOX7,,,,,31.7808074951171875,35.22869873046875,preview,EN,2,,,,,,,,,,,,,,,,,,,,,,,,,,,,,,,,,,,,,,,,,,,,,,,,,,,,,,,,,,,,,,,,,,,,,,,,,,,,,,,,,,,,,,,,,,,,,,,,,,,,,,,,,
2020-11-04 05:35:08,2020-11-04 05:35:14,0,176.12.178.239,100,6,1,2020-11-04 05:35:15,R_2ePyp9iPcYZvf9u,,,,,32.0666961669921875,34.766693115234375,qr,EN,2,,,,,,,,,,,,,,,,,,,,,,,,,,,,,,,,,,,,,,,,,,,,,,,,,,,,,,,,,,,,,,,,,,,,,,,,,,,,,,,,,,,,,,,,,,,,,,,,,,,,,,,,,
2020-11-04 07:17:21,2020-11-04 07:17:25,1,,100,3,1,2020-11-04 07:17:25,R_2P83eXKfwDe3aox,,,,,31.7808074951171875,35.22869873046875,preview,EN,2,,,,,,,,,,,,,,,,,,,,,,,,,,,,,,,,,,,,,,,,,,,,,,,,,,,,,,,,,,,,,,,,,,,,,,,,,,,,,,,,,,,,,,,,,,,,,,,,,,,,,,,,,
2020-11-05 01:35:31,2020-11-05 01:35:35,0,176.230.149.62,100,4,1,2020-11-05 01:35:36,R_2R9TfGyBelVtMbM,,,,,32.035797119140625,34.8885955810546875,anonymous,EN,2,,,,,,,,,,,,,,,,,,,,,,,,,,,,,,,,,,,,,,,,,,,,,,,,,,,,,,,,,,,,,,,,,,,,,,,,,,,,,,,,,,,,,,,,,,,,,,,,,,,,,,,,,
2020-11-05 01:35:31,2020-11-05 01:35:37,0,93.172.63.114,100,6,1,2020-11-05 01:35:38,R_1JQN9hOJY35AtJW,,,,,32.0666961669921875,34.766693115234375,anonymous,EN,2,,,,,,,,,,,,,,,,,,,,,,,,,,,,,,,,,,,,,,,,,,,,,,,,,,,,,,,,,,,,,,,,,,,,,,,,,,,,,,,,,,,,,,,,,,,,,,,,,,,,,,,,,
2020-11-05 01:35:32,2020-11-05 01:35:38,0,164.138.123.88,100,6,1,2020-11-05 01:35:39,R_27Kkpx9YarcEyq5,,,,,31.7808074951171875,35.22869873046875,anonymous,EN,2,,,,,,,,,,,,,,,,,,,,,,,,,,,,,,,,,,,,,,,,,,,,,,,,,,,,,,,,,,,,,,,,,,,,,,,,,,,,,,,,,,,,,,,,,,,,,,,,,,,,,,,,,
2020-11-05 01:35:34,2020-11-05 01:35:39,0,77.137.126.5,100,4,1,2020-11-05 01:35:39,R_29mHiI1vYMUPX8J,,,,,32.0821075439453125,34.81219482421875,anonymous,EN,2,,,,,,,,,,,,,,,,,,,,,,,,,,,,,,,,,,,,,,,,,,,,,,,,,,,,,,,,,,,,,,,,,,,,,,,,,,,,,,,,,,,,,,,,,,,,,,,,,,,,,,,,,
2020-11-05 01:35:33,2020-11-05 01:35:39,0,87.70.135.28,100,6,1,2020-11-05 01:35:40,R_21uDRwsngTiIuiA,,,,,32.0666961669921875,34.766693115234375,anonymous,EN,2,,,,,,,,,,,,,,,,,,,,,,,,,,,,,,,,,,,,,,,,,,,,,,,,,,,,,,,,,,,,,,,,,,,,,,,,,,,,,,,,,,,,,,,,,,,,,,,,,,,,,,,,,
2020-11-05 01:35:38,2020-11-05 01:35:43,0,85.250.117.126,100,5,1,2020-11-05 01:35:43,R_vphgwvpVisf5onT,,,,,31.94189453125,34.837493896484375,anonymous,EN,2,,,,,,,,,,,,,,,,,,,,,,,,,,,,,,,,,,,,,,,,,,,,,,,,,,,,,,,,,,,,,,,,,,,,,,,,,,,,,,,,,,,,,,,,,,,,,,,,,,,,,,,,,
2020-11-05 01:35:30,2020-11-05 01:35:44,0,2.55.6.229,100,13,1,2020-11-05 01:35:44,R_3Rqh9Ud756I2BCX,,,,,32.0666961669921875,34.766693115234375,anonymous,EN,2,,,,,,,,,,,,,,,,,,,,,,,,,,,,,,,,,,,,,,,,,,,,,,,,,,,,,,,,,,,,,,,,,,,,,,,,,,,,,,,,,,,,,,,,,,,,,,,,,,,,,,,,,
2020-11-05 01:35:40,2020-11-05 01:35:45,0,199.203.176.50,100,4,1,2020-11-05 01:35:45,R_22YHgSFxqrLCZ8J,,,,,32.0666961669921875,34.766693115234375,anonymous,EN,2,,,,,,,,,,,,,,,,,,,,,,,,,,,,,,,,,,,,,,,,,,,,,,,,,,,,,,,,,,,,,,,,,,,,,,,,,,,,,,,,,,,,,,,,,,,,,,,,,,,,,,,,,
2020-11-05 01:35:42,2020-11-05 01:35:50,0,141.226.208.174,100,7,1,2020-11-05 01:35:50,R_1QbeMhSawqtVN7q,,,,,32.0666961669921875,34.766693115234375,anonymous,EN,2,,,,,,,,,,,,,,,,,,,,,,,,,,,,,,,,,,,,,,,,,,,,,,,,,,,,,,,,,,,,,,,,,,,,,,,,,,,,,,,,,,,,,,,,,,,,,,,,,,,,,,,,,
2020-11-05 01:35:46,2020-11-05 01:35:50,0,109.67.186.242,100,3,1,2020-11-05 01:35:50,R_sjyxBfCayFBe0Kd,,,,,32.0666961669921875,34.766693115234375,anonymous,EN,2,,,,,,,,,,,,,,,,,,,,,,,,,,,,,,,,,,,,,,,,,,,,,,,,,,,,,,,,,,,,,,,,,,,,,,,,,,,,,,,,,,,,,,,,,,,,,,,,,,,,,,,,,
2020-11-05 01:35:46,2020-11-05 01:35:50,0,87.70.79.159,100,3,1,2020-11-05 01:35:50,R_3CZsHuV50f5wuLX,,,,,32.0666961669921875,34.766693115234375,anonymous,EN,2,,,,,,,,,,,,,,,,,,,,,,,,,,,,,,,,,,,,,,,,,,,,,,,,,,,,,,,,,,,,,,,,,,,,,,,,,,,,,,,,,,,,,,,,,,,,,,,,,,,,,,,,,
2020-11-05 01:35:47,2020-11-05 01:35:51,0,77.125.85.1,100,4,1,2020-11-05 01:35:51,R_2dtiwCe5WNNctLY,,,,,32.0666961669921875,34.766693115234375,anonymous,EN,2,,,,,,,,,,,,,,,,,,,,,,,,,,,,,,,,,,,,,,,,,,,,,,,,,,,,,,,,,,,,,,,,,,,,,,,,,,,,,,,,,,,,,,,,,,,,,,,,,,,,,,,,,
2020-11-05 01:35:46,2020-11-05 01:35:53,0,81.218.187.70,100,6,1,2020-11-05 01:35:53,R_1OUB75WAGlCxCkY,,,,,32.0666961669921875,34.766693115234375,anonymous,EN,2,,,,,,,,,,,,,,,,,,,,,,,,,,,,,,,,,,,,,,,,,,,,,,,,,,,,,,,,,,,,,,,,,,,,,,,,,,,,,,,,,,,,,,,,,,,,,,,,,,,,,,,,,
2020-11-05 01:35:49,2020-11-05 01:35:55,0,87.70.81.239,100,5,1,2020-11-05 01:35:55,R_2ARzDh2VMqeqUCS,,,,,32.0666961669921875,34.766693115234375,anonymous,EN,2,,,,,,,,,,,,,,,,,,,,,,,,,,,,,,,,,,,,,,,,,,,,,,,,,,,,,,,,,,,,,,,,,,,,,,,,,,,,,,,,,,,,,,,,,,,,,,,,,,,,,,,,,
2020-11-05 01:35:50,2020-11-05 01:35:55,0,79.178.0.203,100,5,1,2020-11-05 01:35:56,R_2bOTo9zjPxDQWDm,,,,,32.0666961669921875,34.766693115234375,anonymous,EN,2,,,,,,,,,,,,,,,,,,,,,,,,,,,,,,,,,,,,,,,,,,,,,,,,,,,,,,,,,,,,,,,,,,,,,,,,,,,,,,,,,,,,,,,,,,,,,,,,,,,,,,,,,
2020-11-05 01:35:49,2020-11-05 01:35:56,0,77.126.65.216,100,6,1,2020-11-05 01:35:56,R_3jZg7zrvqq0kABt,,,,,32.0666961669921875,34.766693115234375,anonymous,EN,2,,,,,,,,,,,,,,,,,,,,,,,,,,,,,,,,,,,,,,,,,,,,,,,,,,,,,,,,,,,,,,,,,,,,,,,,,,,,,,,,,,,,,,,,,,,,,,,,,,,,,,,,,
2020-11-05 01:35:55,2020-11-05 01:35:59,0,109.67.185.212,100,4,1,2020-11-05 01:35:59,R_1Icl0NbHlwtBioq,,,,,32.0666961669921875,34.766693115234375,anonymous,EN,2,,,,,,,,,,,,,,,,,,,,,,,,,,,,,,,,,,,,,,,,,,,,,,,,,,,,,,,,,,,,,,,,,,,,,,,,,,,,,,,,,,,,,,,,,,,,,,,,,,,,,,,,,
2020-11-05 01:35:52,2020-11-05 01:35:59,0,147.236.145.241,100,6,1,2020-11-05 01:35:59,R_10H5JFIsjxs2w9g,,,,,32.0821075439453125,34.81219482421875,anonymous,EN,2,,,,,,,,,,,,,,,,,,,,,,,,,,,,,,,,,,,,,,,,,,,,,,,,,,,,,,,,,,,,,,,,,,,,,,,,,,,,,,,,,,,,,,,,,,,,,,,,,,,,,,,,,
2020-11-05 01:35:38,2020-11-05 01:35:59,0,77.124.52.255,100,21,1,2020-11-05 01:36:00,R_1M5n58FTyUejy2B,,,,,32.0666961669921875,34.766693115234375,anonymous,EN,2,,,,,,,,,,,,,,,,,,,,,,,,,,,,,,,,,,,,,,,,,,,,,,,,,,,,,,,,,,,,,,,,,,,,,,,,,,,,,,,,,,,,,,,,,,,,,,,,,,,,,,,,,
2020-11-05 01:35:59,2020-11-05 01:36:05,0,37.142.192.51,100,5,1,2020-11-05 01:36:05,R_Z9PlE5NcIghu9G1,,,,,32.0666961669921875,34.766693115234375,anonymous,EN,2,,,,,,,,,,,,,,,,,,,,,,,,,,,,,,,,,,,,,,,,,,,,,,,,,,,,,,,,,,,,,,,,,,,,,,,,,,,,,,,,,,,,,,,,,,,,,,,,,,,,,,,,,
2020-11-05 01:35:57,2020-11-05 01:36:06,0,77.139.159.212,100,9,1,2020-11-05 01:36:06,R_qV0lhXIagwLADBf,,,,,31.7808074951171875,35.22869873046875,anonymous,EN,2,,,,,,,,,,,,,,,,,,,,,,,,,,,,,,,,,,,,,,,,,,,,,,,,,,,,,,,,,,,,,,,,,,,,,,,,,,,,,,,,,,,,,,,,,,,,,,,,,,,,,,,,,
2020-11-05 01:35:57,2020-11-05 01:36:07,0,109.186.160.152,100,10,1,2020-11-05 01:36:07,R_24ezMaclIJV1jcD,,,,,32.0666961669921875,34.766693115234375,anonymous,EN,2,,,,,,,,,,,,,,,,,,,,,,,,,,,,,,,,,,,,,,,,,,,,,,,,,,,,,,,,,,,,,,,,,,,,,,,,,,,,,,,,,,,,,,,,,,,,,,,,,,,,,,,,,
2020-11-05 01:35:50,2020-11-05 01:36:07,0,79.183.196.22,100,17,1,2020-11-05 01:36:08,R_pKmI7OyiqEuEzQJ,,,,,32.0666961669921875,34.766693115234375,anonymous,EN,2,,,,,,,,,,,,,,,,,,,,,,,,,,,,,,,,,,,,,,,,,,,,,,,,,,,,,,,,,,,,,,,,,,,,,,,,,,,,,,,,,,,,,,,,,,,,,,,,,,,,,,,,,
2020-11-05 01:36:01,2020-11-05 01:36:09,0,84.109.69.94,100,7,1,2020-11-05 01:36:09,R_3lJRqT7Npdhouzn,,,,,31.8943023681640625,34.8191986083984375,anonymous,EN,2,,,,,,,,,,,,,,,,,,,,,,,,,,,,,,,,,,,,,,,,,,,,,,,,,,,,,,,,,,,,,,,,,,,,,,,,,,,,,,,,,,,,,,,,,,,,,,,,,,,,,,,,,
2020-11-05 01:35:55,2020-11-05 01:36:12,0,89.138.205.201,100,17,1,2020-11-05 01:36:12,R_12nKyf26mOaN77p,,,,,32.0666961669921875,34.766693115234375,anonymous,EN,2,,,,,,,,,,,,,,,,,,,,,,,,,,,,,,,,,,,,,,,,,,,,,,,,,,,,,,,,,,,,,,,,,,,,,,,,,,,,,,,,,,,,,,,,,,,,,,,,,,,,,,,,,
2020-11-05 01:36:20,2020-11-05 01:36:25,0,185.175.35.239,100,5,1,2020-11-05 01:36:25,R_2CfCr6L1mNPU1s2,,,,,32.0666961669921875,34.766693115234375,anonymous,EN,2,,,,,,,,,,,,,,,,,,,,,,,,,,,,,,,,,,,,,,,,,,,,,,,,,,,,,,,,,,,,,,,,,,,,,,,,,,,,,,,,,,,,,,,,,,,,,,,,,,,,,,,,,
2020-11-05 01:36:25,2020-11-05 01:36:32,0,5.22.128.240,100,7,1,2020-11-05 01:36:32,R_2aCV310rFB3B0K4,,,,,32.0666961669921875,34.766693115234375,anonymous,EN,2,,,,,,,,,,,,,,,,,,,,,,,,,,,,,,,,,,,,,,,,,,,,,,,,,,,,,,,,,,,,,,,,,,,,,,,,,,,,,,,,,,,,,,,,,,,,,,,,,,,,,,,,,
2020-11-05 01:36:26,2020-11-05 01:36:33,0,95.86.123.187,100,7,1,2020-11-05 01:36:33,R_1H7wY4C3GKfbMSM,,,,,31.7808074951171875,35.22869873046875,anonymous,EN,2,,,,,,,,,,,,,,,,,,,,,,,,,,,,,,,,,,,,,,,,,,,,,,,,,,,,,,,,,,,,,,,,,,,,,,,,,,,,,,,,,,,,,,,,,,,,,,,,,,,,,,,,,
2020-11-05 01:36:32,2020-11-05 01:36:37,0,79.181.196.228,100,5,1,2020-11-05 01:36:37,R_3GkAGsWPdtPRoR6,,,,,32.0666961669921875,34.766693115234375,anonymous,EN,2,,,,,,,,,,,,,,,,,,,,,,,,,,,,,,,,,,,,,,,,,,,,,,,,,,,,,,,,,,,,,,,,,,,,,,,,,,,,,,,,,,,,,,,,,,,,,,,,,,,,,,,,,
2020-11-05 01:37:13,2020-11-05 01:37:19,8,87.70.79.159,100,6,1,2020-11-05 01:37:20,R_2X6ioePdFj3iLJG,,,,,32.0821075439453125,34.81219482421875,anonymous,EN,2,,,,,,,,,,,,,,,,,,,,,,,,,,,,,,,,,,,,,,,,,,,,,,,,,,,,,,,,,,,,,,,,,,,,,,,,,,,,,,,,,,,,,,,,,,,,,,,,,,,,,,,,,
2020-11-05 01:38:06,2020-11-05 01:38:13,8,5.22.128.240,100,6,1,2020-11-05 01:38:13,R_3iPZeb5PvIeMmQU,,,,,32.0666961669921875,34.766693115234375,anonymous,EN,2,,,,,,,,,,,,,,,,,,,,,,,,,,,,,,,,,,,,,,,,,,,,,,,,,,,,,,,,,,,,,,,,,,,,,,,,,,,,,,,,,,,,,,,,,,,,,,,,,,,,,,,,,
2020-11-05 01:38:09,2020-11-05 01:38:15,8,141.226.208.174,100,6,1,2020-11-05 01:38:16,R_3EfClIalHBNb3V5,,,,,32.0666961669921875,34.766693115234375,anonymous,EN,2,,,,,,,,,,,,,,,,,,,,,,,,,,,,,,,,,,,,,,,,,,,,,,,,,,,,,,,,,,,,,,,,,,,,,,,,,,,,,,,,,,,,,,,,,,,,,,,,,,,,,,,,,
2020-11-05 01:38:43,2020-11-05 01:38:48,8,5.22.128.240,100,4,1,2020-11-05 01:38:48,R_3qsqtSV34FQMwJR,,,,,32.0666961669921875,34.766693115234375,anonymous,EN,2,,,,,,,,,,,,,,,,,,,,,,,,,,,,,,,,,,,,,,,,,,,,,,,,,,,,,,,,,,,,,,,,,,,,,,,,,,,,,,,,,,,,,,,,,,,,,,,,,,,,,,,,,
2020-11-05 01:39:49,2020-11-05 01:39:53,0,89.138.48.69,100,3,1,2020-11-05 01:39:53,R_3gNuGZMFvHKbedm,,,,,32.0821075439453125,34.81219482421875,anonymous,EN,2,,,,,,,,,,,,,,,,,,,,,,,,,,,,,,,,,,,,,,,,,,,,,,,,,,,,,,,,,,,,,,,,,,,,,,,,,,,,,,,,,,,,,,,,,,,,,,,,,,,,,,,,,
2020-11-05 01:35:31,2020-11-05 01:41:48,0,87.68.218.91,100,377,1,2020-11-05 01:41:49,R_2awxt1iDU81MrKr,,,,,31.93389892578125,34.985595703125,anonymous,EN,1,801,5,,5,,7,9,8,,,,,3,4,2,4,999,,,,,,,7,8,6,6,6,6,7,6,5,8,7,8,,,,,,,7,8,7,8,8,9,6,7,8,7,7,8,,,,,,,7,3,4,2,3,7,7,2,,,,,4,5,7,7,5,6,8,8,,,,,5,7,1,7,8,2,5,6,4,6,7,2,,,,,,,2,3,53,10
2020-11-05 01:36:04,2020-11-05 01:43:04,0,79.177.39.178,100,419,1,2020-11-05 01:43:04,R_3r1IfUUF2VbmeTw,,,,,32.0666961669921875,34.766693115234375,anonymous,EN,1,801,5,,4,,9,7,7,,,,,2,3,2,999,3,,,,,,,10,8,9,10,10,10,6,9,10,,,,10,10,10,,,,7,8,8,10,10,10,7,8,8,,,,8,10,10,,,,8,2,6,1,5,4,,,6,2,,,8,6,10,10,7,8,,,9,10,,,7,7,0,10,10,0,9,10,1,,,,9,10,0,,,,1,3,55,10
2020-11-05 01:37:32,2020-11-05 01:43:36,0,109.64.208.103,100,364,1,2020-11-05 01:43:37,R_2e9J7M9v4CTrq7f,,,,,32.0666961669921875,34.766693115234375,anonymous,EN,1,801,5,,2,,8,8,8,,,,,3,999,3,3,2,,,,,,,7,8,7,,,,7,6,6,9,9,9,9,10,9,,,,8,8,10,,,,7,9,9,7,10,10,9,9,9,,,,7,3,,,7,1,10,0,7,0,,,7,7,,,6,6,9,9,10,10,,,9,9,0,,,,7,8,0,10,10,0,9,9,1,,,,2,3,48,10
2020-11-05 01:43:52,2020-11-05 01:43:59,0,147.161.9.207,100,7,1,2020-11-05 01:44:00,R_2c8vJEs8l5e485T,,,,,32.0666961669921875,34.766693115234375,anonymous,EN,2,,,,,,,,,,,,,,,,,,,,,,,,,,,,,,,,,,,,,,,,,,,,,,,,,,,,,,,,,,,,,,,,,,,,,,,,,,,,,,,,,,,,,,,,,,,,,,,,,,,,,,,,,
2020-11-05 01:43:54,2020-11-05 01:44:02,0,46.19.86.226,100,8,1,2020-11-05 01:44:02,R_1HdwDCJKUcT1FpO,,,,,32.0666961669921875,34.766693115234375,anonymous,EN,2,,,,,,,,,,,,,,,,,,,,,,,,,,,,,,,,,,,,,,,,,,,,,,,,,,,,,,,,,,,,,,,,,,,,,,,,,,,,,,,,,,,,,,,,,,,,,,,,,,,,,,,,,
2020-11-05 05:17:29,2020-11-05 05:17:33,0,81.218.187.70,100,4,1,2020-11-05 05:17:33,R_TtQG08sRv1JsjS1,,,,,32.0666961669921875,34.766693115234375,anonymous,EN,2,,,,,,,,,,,,,,,,,,,,,,,,,,,,,,,,,,,,,,,,,,,,,,,,,,,,,,,,,,,,,,,,,,,,,,,,,,,,,,,,,,,,,,,,,,,,,,,,,,,,,,,,,
2020-12-03 03:22:14,2020-12-03 03:22:19,0,132.64.201.37,100,5,1,2020-12-03 03:22:20,R_1P80D4pY14bxtU1,,,,,31.7808074951171875,35.22869873046875,anonymous,EN,2,,,,,,,,,,,,,,,,,,,,,,,,,,,,,,,,,,,,,,,,,,,,,,,,,,,,,,,,,,,,,,,,,,,,,,,,,,,,,,,,,,,,,,,,,,,,,,,,,,,,,,,,,
2020-12-03 03:23:54,2020-12-03 03:24:09,0,132.64.185.69,100,14,1,2020-12-03 03:24:09,R_3MKlA5bJQPr25x6,,,,,31.7808074951171875,35.22869873046875,anonymous,EN,2,,,,,,,,,,,,,,,,,,,,,,,,,,,,,,,,,,,,,,,,,,,,,,,,,,,,,,,,,,,,,,,,,,,,,,,,,,,,,,,,,,,,,,,,,,,,,,,,,,,,,,,,,
2020-12-03 03:38:17,2020-12-03 03:38:24,0,132.64.201.85,100,6,1,2020-12-03 03:38:24,R_24nOzswy96yTj5Q,,,,,31.7808074951171875,35.22869873046875,anonymous,EN,2,,,,,,,,,,,,,,,,,,,,,,,,,,,,,,,,,,,,,,,,,,,,,,,,,,,,,,,,,,,,,,,,,,,,,,,,,,,,,,,,,,,,,,,,,,,,,,,,,,,,,,,,,
2020-12-03 04:07:57,2020-12-03 04:08:00,0,132.64.201.136,100,2,1,2020-12-03 04:08:01,R_28TdD1hsohYsqqG,,,,,31.7808074951171875,35.22869873046875,anonymous,EN,2,,,,,,,,,,,,,,,,,,,,,,,,,,,,,,,,,,,,,,,,,,,,,,,,,,,,,,,,,,,,,,,,,,,,,,,,,,,,,,,,,,,,,,,,,,,,,,,,,,,,,,,,,
2020-12-03 04:26:17,2020-12-03 04:26:25,0,132.64.201.87,100,7,1,2020-12-03 04:26:25,R_e4YwNinBsTFoXW9,,,,,31.7808074951171875,35.22869873046875,anonymous,EN,2,,,,,,,,,,,,,,,,,,,,,,,,,,,,,,,,,,,,,,,,,,,,,,,,,,,,,,,,,,,,,,,,,,,,,,,,,,,,,,,,,,,,,,,,,,,,,,,,,,,,,,,,,
2020-12-03 04:29:13,2020-12-03 04:29:18,8,132.64.201.87,100,4,1,2020-12-03 04:29:18,R_2alQQNOoHsiWrnF,,,,,31.7808074951171875,35.22869873046875,anonymous,EN,2,,,,,,,,,,,,,,,,,,,,,,,,,,,,,,,,,,,,,,,,,,,,,,,,,,,,,,,,,,,,,,,,,,,,,,,,,,,,,,,,,,,,,,,,,,,,,,,,,,,,,,,,,
2020-12-03 04:30:48,2020-12-03 04:30:55,0,132.64.201.184,100,6,1,2020-12-03 04:30:55,R_1jlx8xriyx8Tcw2,,,,,31.7808074951171875,35.22869873046875,anonymous,EN,2,,,,,,,,,,,,,,,,,,,,,,,,,,,,,,,,,,,,,,,,,,,,,,,,,,,,,,,,,,,,,,,,,,,,,,,,,,,,,,,,,,,,,,,,,,,,,,,,,,,,,,,,,
2020-12-03 04:31:10,2020-12-03 04:31:16,0,132.64.201.132,100,6,1,2020-12-03 04:31:17,R_2dYEIyp9GBzuuVA,,,,,31.7808074951171875,35.22869873046875,anonymous,EN,2,,,,,,,,,,,,,,,,,,,,,,,,,,,,,,,,,,,,,,,,,,,,,,,,,,,,,,,,,,,,,,,,,,,,,,,,,,,,,,,,,,,,,,,,,,,,,,,,,,,,,,,,,
2020-12-03 05:33:22,2020-12-03 05:33:28,0,132.64.201.89,100,5,1,2020-12-03 05:33:28,R_9TSkEVD3QDNzYsx,,,,,31.7808074951171875,35.22869873046875,anonymous,EN,2,,,,,,,,,,,,,,,,,,,,,,,,,,,,,,,,,,,,,,,,,,,,,,,,,,,,,,,,,,,,,,,,,,,,,,,,,,,,,,,,,,,,,,,,,,,,,,,,,,,,,,,,,
2020-12-03 06:45:26,2020-12-03 06:45:32,0,132.64.201.84,100,5,1,2020-12-03 06:45:32,R_3F347svuDzvEwJM,,,,,31.7808074951171875,35.22869873046875,anonymous,EN,2,,,,,,,,,,,,,,,,,,,,,,,,,,,,,,,,,,,,,,,,,,,,,,,,,,,,,,,,,,,,,,,,,,,,,,,,,,,,,,,,,,,,,,,,,,,,,,,,,,,,,,,,,
2020-12-03 07:01:15,2020-12-03 07:01:22,0,132.64.201.38,100,6,1,2020-12-03 07:01:22,R_YPMPzj8erloB7sl,,,,,31.7808074951171875,35.22869873046875,anonymous,EN,2,,,,,,,,,,,,,,,,,,,,,,,,,,,,,,,,,,,,,,,,,,,,,,,,,,,,,,,,,,,,,,,,,,,,,,,,,,,,,,,,,,,,,,,,,,,,,,,,,,,,,,,,,
2020-12-03 07:02:40,2020-12-03 07:02:49,8,132.64.201.38,100,9,1,2020-12-03 07:02:49,R_2y9JvIWx27T4cth,,,,,31.7808074951171875,35.22869873046875,anonymous,EN,2,,,,,,,,,,,,,,,,,,,,,,,,,,,,,,,,,,,,,,,,,,,,,,,,,,,,,,,,,,,,,,,,,,,,,,,,,,,,,,,,,,,,,,,,,,,,,,,,,,,,,,,,,
2020-12-03 07:03:51,2020-12-03 07:03:59,8,132.64.201.38,100,8,1,2020-12-03 07:04:00,R_e4LFgBeb7ooOuAh,,,,,31.7808074951171875,35.22869873046875,anonymous,EN,2,,,,,,,,,,,,,,,,,,,,,,,,,,,,,,,,,,,,,,,,,,,,,,,,,,,,,,,,,,,,,,,,,,,,,,,,,,,,,,,,,,,,,,,,,,,,,,,,,,,,,,,,,
2020-12-03 07:05:11,2020-12-03 07:05:19,8,132.64.201.38,100,8,1,2020-12-03 07:05:19,R_2aDH4sZb5EQhPXW,,,,,31.7808074951171875,35.22869873046875,anonymous,EN,2,,,,,,,,,,,,,,,,,,,,,,,,,,,,,,,,,,,,,,,,,,,,,,,,,,,,,,,,,,,,,,,,,,,,,,,,,,,,,,,,,,,,,,,,,,,,,,,,,,,,,,,,,
2020-12-03 07:07:39,2020-12-03 07:15:44,0,132.64.201.38,100,485,1,2020-12-03 07:15:45,R_3EzN5bYU1CzOK6N,,,,,31.7808074951171875,35.22869873046875,anonymous,EN,,230,5,,2,,8,8,8,,,,,4,4,4,4,4,,,,,,,10,10,10,,,,3,3,3,10,10,10,0,0,0,,,,8,10,8,,,,7,7,7,10,10,10,0,0,0,,,,9,9,,,10,9,6,7,10,5,,,10,10,,,4,4,10,10,0,0,,,10,10,0,,,,6,6,6,10,10,0,0,0,0,,,,2,1,65,10
2020-12-06 01:26:37,2020-12-06 01:26:43,0,132.64.201.122,100,6,1,2020-12-06 01:26:44,R_z3cOLSazVJt3Sfv,,,,,31.7808074951171875,35.22869873046875,anonymous,EN,2,,,,,,,,,,,,,,,,,,,,,,,,,,,,,,,,,,,,,,,,,,,,,,,,,,,,,,,,,,,,,,,,,,,,,,,,,,,,,,,,,,,,,,,,,,,,,,,,,,,,,,,,,
2020-12-06 04:58:48,2020-12-06 04:58:54,0,132.64.180.114,100,5,1,2020-12-06 04:58:54,R_27NEteU7wsBrTfI,,,,,31.7808074951171875,35.22869873046875,anonymous,EN,2,,,,,,,,,,,,,,,,,,,,,,,,,,,,,,,,,,,,,,,,,,,,,,,,,,,,,,,,,,,,,,,,,,,,,,,,,,,,,,,,,,,,,,,,,,,,,,,,,,,,,,,,,
2020-12-06 05:03:25,2020-12-06 05:03:29,0,132.64.201.224,100,3,1,2020-12-06 05:03:30,R_2yrW3snwy9Spd1I,,,,,31.7808074951171875,35.22869873046875,anonymous,EN,2,,,,,,,,,,,,,,,,,,,,,,,,,,,,,,,,,,,,,,,,,,,,,,,,,,,,,,,,,,,,,,,,,,,,,,,,,,,,,,,,,,,,,,,,,,,,,,,,,,,,,,,,,
2020-12-06 05:06:38,2020-12-06 05:06:41,8,132.64.201.224,100,3,1,2020-12-06 05:06:42,R_wZDhqO1TgYP8d9v,,,,,31.7808074951171875,35.22869873046875,anonymous,EN,2,,,,,,,,,,,,,,,,,,,,,,,,,,,,,,,,,,,,,,,,,,,,,,,,,,,,,,,,,,,,,,,,,,,,,,,,,,,,,,,,,,,,,,,,,,,,,,,,,,,,,,,,,
2020-12-06 05:33:21,2020-12-06 05:33:31,0,132.64.201.29,100,10,1,2020-12-06 05:33:31,R_RshQQzrqcjqG2mB,,,,,31.7808074951171875,35.22869873046875,anonymous,EN,2,,,,,,,,,,,,,,,,,,,,,,,,,,,,,,,,,,,,,,,,,,,,,,,,,,,,,,,,,,,,,,,,,,,,,,,,,,,,,,,,,,,,,,,,,,,,,,,,,,,,,,,,,
2020-12-06 05:40:33,2020-12-06 05:40:41,0,132.64.201.41,100,7,1,2020-12-06 05:40:41,R_3k1YHOCCBLmhgzw,,,,,31.7808074951171875,35.22869873046875,anonymous,EN,2,,,,,,,,,,,,,,,,,,,,,,,,,,,,,,,,,,,,,,,,,,,,,,,,,,,,,,,,,,,,,,,,,,,,,,,,,,,,,,,,,,,,,,,,,,,,,,,,,,,,,,,,,
2020-12-06 06:01:28,2020-12-06 06:07:35,0,176.228.37.88,100,366,1,2020-12-06 06:07:35,R_XOhXQJppcqLFvW1,,,,,31.7808074951171875,35.22869873046875,anonymous,EN,1,260,4,3,,,9,9,9,4,4,999,4,,,,,,,,,,,,10,10,10,8,8,7,,,,8,7,7,,,,,,,10,10,10,10,10,10,,,,10,10,10,,,,,,,10,8,10,10,,,10,10,,,,,10,10,9,9,,,9,9,,,,,10,10,10,10,10,10,,,,10,10,10,,,,,,,1,4,39,8
2020-12-06 07:36:50,2020-12-06 07:36:55,0,212.199.108.206,100,4,1,2020-12-06 07:36:55,R_2xy4JIXgIDCixyM,,,,,32.0666961669921875,34.766693115234375,anonymous,EN,2,,,,,,,,,,,,,,,,,,,,,,,,,,,,,,,,,,,,,,,,,,,,,,,,,,,,,,,,,,,,,,,,,,,,,,,,,,,,,,,,,,,,,,,,,,,,,,,,,,,,,,,,,
2020-12-06 08:55:01,2020-12-06 08:55:08,0,217.132.238.168,100,6,1,2020-12-06 08:55:08,R_11dyzG5eYVEtn4R,,,,,32.0666961669921875,34.766693115234375,anonymous,EN,2,,,,,,,,,,,,,,,,,,,,,,,,,,,,,,,,,,,,,,,,,,,,,,,,,,,,,,,,,,,,,,,,,,,,,,,,,,,,,,,,,,,,,,,,,,,,,,,,,,,,,,,,,
2020-12-07 00:53:02,2020-12-07 00:53:10,0,132.64.96.17,100,7,1,2020-12-07 00:53:10,R_O6WVSnWES7QPC2l,,,,,31.7808074951171875,35.22869873046875,anonymous,EN,2,,,,,,,,,,,,,,,,,,,,,,,,,,,,,,,,,,,,,,,,,,,,,,,,,,,,,,,,,,,,,,,,,,,,,,,,,,,,,,,,,,,,,,,,,,,,,,,,,,,,,,,,,
2020-12-07 01:34:33,2020-12-07 01:39:15,0,132.64.201.138,100,281,1,2020-12-07 01:39:15,R_2zA1BnD7SeABcq4,,,,,31.7808074951171875,35.22869873046875,anonymous,EN,2,,,,,,,,,,,,,,,,,,,,,,,,,,,,,,,,,,,,,,,,,,,,,,,,,,,,,,,,,,,,,,,,,,,,,,,,,,,,,,,,,,,,,,,,,,,,,,,,,,,,,,,,,
2020-12-07 01:48:01,2020-12-07 01:48:08,0,132.64.201.110,100,6,1,2020-12-07 01:48:08,R_3qg1h8qgc4SYpG6,,,,,31.7808074951171875,35.22869873046875,anonymous,EN,2,,,,,,,,,,,,,,,,,,,,,,,,,,,,,,,,,,,,,,,,,,,,,,,,,,,,,,,,,,,,,,,,,,,,,,,,,,,,,,,,,,,,,,,,,,,,,,,,,,,,,,,,,
2020-12-07 01:55:52,2020-12-07 01:55:57,0,132.64.201.28,100,5,1,2020-12-07 01:55:58,R_1GVzJUF1mheUe1f,,,,,31.7808074951171875,35.22869873046875,anonymous,EN,2,,,,,,,,,,,,,,,,,,,,,,,,,,,,,,,,,,,,,,,,,,,,,,,,,,,,,,,,,,,,,,,,,,,,,,,,,,,,,,,,,,,,,,,,,,,,,,,,,,,,,,,,,
2020-12-07 02:00:04,2020-12-07 02:00:19,0,132.64.201.42,100,14,1,2020-12-07 02:00:19,R_2fm5XdH4inq8w79,,,,,31.7808074951171875,35.22869873046875,anonymous,EN,2,,,,,,,,,,,,,,,,,,,,,,,,,,,,,,,,,,,,,,,,,,,,,,,,,,,,,,,,,,,,,,,,,,,,,,,,,,,,,,,,,,,,,,,,,,,,,,,,,,,,,,,,,
2020-12-07 02:02:38,2020-12-07 02:03:03,0,132.64.201.39,100,25,1,2020-12-07 02:03:03,R_2VwJuCnNKjYCBkz,,,,,31.7808074951171875,35.22869873046875,anonymous,EN,2,,,,,,,,,,,,,,,,,,,,,,,,,,,,,,,,,,,,,,,,,,,,,,,,,,,,,,,,,,,,,,,,,,,,,,,,,,,,,,,,,,,,,,,,,,,,,,,,,,,,,,,,,
2020-12-07 02:03:47,2020-12-07 02:03:51,0,132.64.201.6,100,3,1,2020-12-07 02:03:51,R_3KPEGXWNOoniiCp,,,,,31.7808074951171875,35.22869873046875,anonymous,EN,2,,,,,,,,,,,,,,,,,,,,,,,,,,,,,,,,,,,,,,,,,,,,,,,,,,,,,,,,,,,,,,,,,,,,,,,,,,,,,,,,,,,,,,,,,,,,,,,,,,,,,,,,,
2020-12-07 02:51:25,2020-12-07 02:51:28,0,212.199.108.206,100,3,1,2020-12-07 02:51:28,R_3QDFApkmhlpSv5O,,,,,32.0666961669921875,34.766693115234375,anonymous,EN,2,,,,,,,,,,,,,,,,,,,,,,,,,,,,,,,,,,,,,,,,,,,,,,,,,,,,,,,,,,,,,,,,,,,,,,,,,,,,,,,,,,,,,,,,,,,,,,,,,,,,,,,,,
2020-12-07 03:46:12,2020-12-07 03:46:22,0,132.64.201.19,100,10,1,2020-12-07 03:46:22,R_x9r0OysbRbkhUuR,,,,,31.7808074951171875,35.22869873046875,anonymous,EN,2,,,,,,,,,,,,,,,,,,,,,,,,,,,,,,,,,,,,,,,,,,,,,,,,,,,,,,,,,,,,,,,,,,,,,,,,,,,,,,,,,,,,,,,,,,,,,,,,,,,,,,,,,
2020-12-07 05:03:18,2020-12-07 05:03:29,0,132.64.201.63,100,11,1,2020-12-07 05:03:30,R_333ELNfLxW693YU,,,,,31.7808074951171875,35.22869873046875,anonymous,EN,2,,,,,,,,,,,,,,,,,,,,,,,,,,,,,,,,,,,,,,,,,,,,,,,,,,,,,,,,,,,,,,,,,,,,,,,,,,,,,,,,,,,,,,,,,,,,,,,,,,,,,,,,,
2020-12-07 05:11:50,2020-12-07 05:11:55,0,80.246.136.64,100,5,1,2020-12-07 05:11:56,R_3DtJN3Goatvyi41,,,,,32.0666961669921875,34.766693115234375,anonymous,EN,2,,,,,,,,,,,,,,,,,,,,,,,,,,,,,,,,,,,,,,,,,,,,,,,,,,,,,,,,,,,,,,,,,,,,,,,,,,,,,,,,,,,,,,,,,,,,,,,,,,,,,,,,,
2020-12-07 06:08:36,2020-12-07 06:08:41,0,212.199.108.206,100,5,1,2020-12-07 06:08:41,R_1dAB8ZVs2ZLNNtg,,,,,32.0666961669921875,34.766693115234375,anonymous,EN,2,,,,,,,,,,,,,,,,,,,,,,,,,,,,,,,,,,,,,,,,,,,,,,,,,,,,,,,,,,,,,,,,,,,,,,,,,,,,,,,,,,,,,,,,,,,,,,,,,,,,,,,,,
2020-12-07 07:13:08,2020-12-07 07:21:31,0,89.139.198.98,100,503,1,2020-12-07 07:21:32,R_1DUUgYCocvzgIyZ,,,,,32.0666961669921875,34.766693115234375,anonymous,EN,1,270,4,1,,,9,7,8,999,3,4,4,,,,,,,,,,,,,,,8,8,8,8,8,8,9,10,10,,,,,,,,,,7,7,8,3,3,1,9,9,6,,,,,,,,,8,1,5,2,7,0,,,,,,,7,6,8,8,10,10,,,,,,,,9,9,1,1,1,9,7,6,3,,,,,,,1,3,47,10
2020-12-08 03:10:19,2020-12-08 03:10:23,0,132.64.96.108,100,3,1,2020-12-08 03:10:23,R_2wsCJzXQco7Hh8g,,,,,31.7808074951171875,35.22869873046875,anonymous,EN,2,,,,,,,,,,,,,,,,,,,,,,,,,,,,,,,,,,,,,,,,,,,,,,,,,,,,,,,,,,,,,,,,,,,,,,,,,,,,,,,,,,,,,,,,,,,,,,,,,,,,,,,,,
2020-12-09 02:18:23,2020-12-09 02:18:29,0,132.64.201.94,100,6,1,2020-12-09 02:18:29,R_1NFk58VUhj4q2Le,,,,,31.7808074951171875,35.22869873046875,anonymous,EN,2,,,,,,,,,,,,,,,,,,,,,,,,,,,,,,,,,,,,,,,,,,,,,,,,,,,,,,,,,,,,,,,,,,,,,,,,,,,,,,,,,,,,,,,,,,,,,,,,,,,,,,,,,
2020-12-03 04:26:54,2020-12-03 04:28:55,0,132.64.201.87,2,121,0,2020-12-10 04:29:16,R_w7VCssVTUoc0SGJ,,,,,,,anonymous,EN,,,,,,,,,,,,,,,,,,,,,,,,,,,,,,,,,,,,,,,,,,,,,,,,,,,,,,,,,,,,,,,,,,,,,,,,,,,,,,,,,,,,,,,,,,,,,,,,,,,,,,,,,,
2020-12-16 11:04:11,2020-12-16 11:04:17,0,79.183.97.82,100,5,1,2020-12-16 11:04:17,R_2RQvoArj2RWlVbj,,,,,32.0666961669921875,34.766693115234375,anonymous,EN,2,,,,,,,,,,,,,,,,,,,,,,,,,,,,,,,,,,,,,,,,,,,,,,,,,,,,,,,,,,,,,,,,,,,,,,,,,,,,,,,,,,,,,,,,,,,,,,,,,,,,,,,,,
2020-12-16 11:04:22,2020-12-16 11:09:17,0,109.66.36.140,100,294,1,2020-12-16 11:09:18,R_Uxu4oHRkpP4yTqV,,,,,32.0666961669921875,34.766693115234375,anonymous,EN,1,612,4,4,,,9,8,9,0,0,3,999,,,,,,,,,,,,5,5,5,6,5,8,7,8,7,,,,,,,,,,5,5,5,5,5,5,9,7,7,,,,,,,,,,5,5,5,5,9,1,,,,,,,9,9,9,9,9,9,,,,,,,8,8,0,8,8,0,7,8,0,,,,,,,,,,1,3,36,7
2020-12-16 11:04:10,2020-12-16 11:11:28,0,73.13.150.156,100,438,1,2020-12-16 11:11:29,R_3neAYn250EZIgqG,,,,,39.935699462890625,-75.183197021484375,anonymous,EN,1,345,4,4,,,8,10,8,3,4,2,999,,,,,,,,,,,,8,5,5,7,8,6,6,6,6,,,,,,,,,,10,10,10,10,9,8,3,4,5,,,,,,,,,,9,1,9,2,9,1,,,,,,,7,6,9,10,10,8,,,,,,,10,10,0,10,10,0,3,6,8,,,,,,,,,,1,3,61,10
2020-12-16 11:04:26,2020-12-16 11:12:00,0,24.228.31.48,100,454,1,2020-12-16 11:12:01,R_3QXWmFyoO2SN4Tk,,,,,40.8777008056640625,-73.90799713134765625,anonymous,EN,1,323,4,4,,,10,8,7,4,2,3,999,,,,,,,,,,,,10,10,10,7,4,4,8,10,9,,,,,,,,,,8,8,7,7,5,6,8,6,8,,,,,,,,,,10,2,10,0,10,0,,,,,,,10,10,8,8,7,7,,,,,,,10,10,0,8,8,0,10,10,0,,,,,,,,,,1,3,44,9
2020-12-16 11:04:18,2020-12-16 11:12:14,0,80.230.87.240,100,476,1,2020-12-16 11:12:15,R_27BiUOSsCzOCEKJ,,,,,32.0666961669921875,34.766693115234375,anonymous,EN,1,389,5,,4,,7,10,8,,,,,2,2,2,999,3,,,,,,,5,5,5,5,5,5,5,5,5,,,,10,10,10,,,,5,5,5,5,5,5,5,5,8,,,,4,8,7,,,,8,3,8,9,9,9,,,9,0,,,10,10,10,10,10,10,,,10,10,,,8,8,3,3,6,0,3,7,0,,,,6,6,6,,,,2,3,55,9
2020-12-16 11:04:09,2020-12-16 11:12:24,0,98.101.27.35,100,495,1,2020-12-16 11:12:25,R_3lK53uADuKwagP4,,,,,35.319305419921875,-80.74559783935546875,anonymous,EN,1,402,4,4,,,10,9,10,0,2,3,999,,,,,,,,,,,,10,5,5,10,9,9,10,10,10,,,,,,,,,,5,5,5,10,10,10,10,10,10,,,,,,,,,,5,5,10,0,10,0,,,,,,,9,9,10,10,10,10,,,,,,,5,5,0,10,10,0,10,10,0,,,,,,,,,,1,4,51,9
2020-12-16 11:04:13,2020-12-16 11:13:16,0,109.66.78.45,100,542,1,2020-12-16 11:13:16,R_soP1QbPHkQAyybf,,,,,32.0821075439453125,34.81219482421875,anonymous,EN,1,511,4,4,,,7,9,8,3,2,3,999,,,,,,,,,,,,9,9,9,8,7,7,8,5,6,,,,,,,,,,8,9,9,5,5,5,4,4,3,,,,,,,,,,9,0,5,5,5,5,,,,,,,9,9,8,8,8,8,,,,,,,8,8,3,5,5,2,3,3,7,,,,,,,,,,1,3,62,10
2020-12-16 11:04:12,2020-12-16 11:13:43,0,71.105.146.24,100,571,1,2020-12-16 11:13:43,R_bqDsR0pPN1bhlOV,,,,,40.8777008056640625,-73.90799713134765625,anonymous,EN,1,402,4,1,,,7,10,9,999,3,1,1,,,,,,,,,,,,,,,8,8,8,8,8,8,8,8,8,,,,,,,,,,9,8,9,,,,9,,,,,,,,,,,8,2,7,2,7,2,,,,,,,10,10,10,10,10,10,,,,,,,,8,8,1,5,8,1,5,8,1,,,,,,,1,4,39,10
2020-12-16 11:16:51,2020-12-16 11:21:02,0,24.44.161.209,100,250,1,2020-12-16 11:21:02,R_3386jEGF9WcniAm,,,,,40.9893035888671875,-72.178802490234375,anonymous,EN,1,334,4,4,,,6,9,6,3,3,3,999,,,,,,,,,,,,7,7,7,6,6,6,3,3,3,,,,,,,,,,7,6,10,4,7,9,4,4,8,,,,,,,,,,3,8,8,1,5,5,,,,,,,8,7,5,7,6,8,,,,,,,10,10,0,7,7,0,7,7,0,,,,,,,,,,1,3,39,10
2020-12-16 11:04:10,2020-12-16 11:28:56,0,49.36.126.100,100,1485,1,2020-12-16 11:28:56,R_Z4UaraZwHwykmbL,,,,,18.5196075439453125,73.8553924560546875,anonymous,EN,1,389,5,,2,,9,9,8,,,,,2,999,4,2,2,,,,,,,7,8,8,,,,7,7,7,8,8,8,7,7,8,,,,8,8,7,,,,7,8,8,8,9,8,8,8,7,,,,4,5,,,6,5,7,4,8,5,,,8,8,,,8,8,9,9,8,8,,,7,8,1,,,,8,9,1,7,9,1,7,8,1,,,,2,3,41,10
2020-12-16 11:04:15,2020-12-16 11:37:06,0,103.66.215.166,100,1971,1,2020-12-16 11:37:07,R_2BbUwqqM3Cczd50,,,,,19.074798583984375,72.8856048583984375,anonymous,EN,1,389,5,,3,,8,9,8,,,,,2,4,999,3,2,,,,,,,8,8,5,7,7,6,,,,7,8,7,7,7,6,,,,6,7,7,6,7,6,,,,7,9,8,7,8,7,,,,5,4,9,1,,,9,1,6,2,,,8,8,8,8,,,10,9,8,8,,,8,8,0,6,6,0,,,,8,8,0,7,7,0,,,,1,4,28,9
2020-12-16 11:50:38,2020-12-16 11:55:40,0,50.96.13.40,100,302,1,2020-12-16 11:55:41,R_25A9xtMR3fap9zH,,,,,40.7631988525390625,-97.0576019287109375,anonymous,EN,1,402,4,3,,,10,9,7,2,3,999,4,,,,,,,,,,,,5,5,5,10,8,8,,,,4,5,5,,,,,,,5,5,5,8,8,10,,,,10,8,10,,,,,,,5,5,10,0,,,10,0,,,,,10,10,10,10,,,10,10,,,,,5,5,0,10,10,0,,,,10,10,0,,,,,,,1,3,56,9
2020-12-16 11:04:09,2020-12-16 11:55:53,0,73.195.157.197,100,3103,1,2020-12-16 11:55:54,R_1f0Afj5HjwGWAPg,,,,,39.8603973388671875,-74.6692962646484375,anonymous,EN,1,402,4,2,,,6,8,7,2,999,3,2,,,,,,,,,,,,6,5,5,,,,6,4,4,5,3,5,,,,,,,5,7,7,,,,7,7,5,7,7,7,,,,,,,7,2,,,4,6,7,4,,,,,7,7,,,6,6,7,7,,,,,5,5,3,,,,7,7,2,7,7,0,,,,,,,2,3,37,10
2020-12-16 11:30:32,2020-12-16 12:00:58,0,212.76.103.221,100,1825,1,2020-12-16 12:00:58,R_PIh307jJeqhrCg1,,,,,31.7808074951171875,35.22869873046875,anonymous,EN,1,612,4,3,,,10,10,7,3,3,999,3,,,,,,,,,,,,5,5,5,10,10,10,,,,10,5,5,,,,,,,10,9,10,10,5,10,,,,10,5,10,,,,,,,8,5,10,0,,,10,0,,,,,7,8,10,10,,,5,9,,,,,10,10,0,5,5,10,,,,10,10,0,,,,,,,1,3,36,9
2020-12-16 12:00:27,2020-12-16 12:05:59,0,38.117.164.18,100,332,1,2020-12-16 12:06:00,R_ufcd8PRT4aKs6cN,,,,,40.7494049072265625,-73.966400146484375,anonymous,EN,1,334,4,3,,,6,6,5,2,2,999,2,,,,,,,,,,,,2,2,2,7,7,7,,,,6,6,6,,,,,,,4,5,7,6,7,8,,,,6,6,6,,,,,,,,8,8,0,,,7,3,,,,,8,8,8,8,,,8,8,,,,,5,5,5,5,5,5,,,,5,5,5,,,,,,,1,3,30,9
2020-12-16 12:16:49,2020-12-16 12:25:48,0,172.58.229.49,100,539,1,2020-12-16 12:25:48,R_3iwKFxn142uPy7L,,,,,40.831207275390625,-73.90670013427734375,anonymous,EN,1,356,4,3,,,7,9,6,1,3,999,2,,,,,,,,,,,,8,8,8,8,7,7,,,,7,7,7,,,,,,,7,8,8,9,9,9,,,,7,9,9,,,,,,,6,7,8,6,,,6,8,,,,,7,7,9,9,,,8,8,,,,,8,8,3,8,8,2,,,,8,8,3,,,,,,,1,3,34,9
2020-12-16 12:46:50,2020-12-16 12:51:21,0,198.72.157.197,100,271,1,2020-12-16 12:51:21,R_1mehMIcWXl9bUGh,,,,,33.664703369140625,-117.96630096435546875,anonymous,EN,1,345,4,3,,,7,9,10,3,3,999,3,,,,,,,,,,,,7,6,6,8,6,8,,,,9,9,9,,,,,,,5,6,7,8,9,10,,,,5,8,9,,,,,,,3,4,7,3,,,9,1,,,,,7,7,9,10,,,7,7,,,,,9,9,1,9,9,1,,,,9,9,1,,,,,,,2,3,33,10
2020-12-16 13:12:01,2020-12-16 13:26:17,0,72.90.172.38,100,855,1,2020-12-16 13:26:18,R_2Vl48XmJSlzgxGV,,,,,40.792999267578125,-74.02469635009765625,anonymous,EN,1,334,4,1,,,6,8,8,999,3,2,2,,,,,,,,,,,,,,,9,7,7,9,7,7,10,10,10,,,,,,,,,,5,8,6,5,5,5,8,9,9,,,,,,,,,10,0,7,0,8,0,,,,,,,10,10,10,10,10,10,,,,,,,,8,5,2,2,2,4,8,8,1,,,,,,,1,3,44,9
2020-12-16 13:27:20,2020-12-16 13:35:43,0,77.127.32.234,100,502,1,2020-12-16 13:35:43,R_OIK8iPMv2hv15Dz,,,,,32.0666961669921875,34.766693115234375,anonymous,EN,1,612,4,1,,,9,6,7,999,3,2,1,,,,,,,,,,,,,,,10,10,10,5,2,3,,,,,,,,,,,,,8,6,7,3,3,3,,,,,,,,,,,,5,1,4,5,,,,,,,,,7,7,2,2,,,,,,,,,,5,8,3,2,3,4,,,,,,,,,,1,3,42,10
2020-12-16 11:05:16,2020-12-16 14:38:39,0,2.55.62.38,100,12802,1,2020-12-16 14:38:40,R_3GAM26oYQLJArEu,,,,,32.0666961669921875,34.766693115234375,anonymous,EN,1,511,4,2,,,9,9,9,3,999,2,1,,,,,,,,,,,,8,9,8,,,,3,5,4,5,6,5,,,,,,,9,7,8,,,,9,7,7,8,8,10,,,,,,,8,2,,,10,0,5,6,,,,,9,10,,,10,10,9,9,,,,,8,8,5,,,,6,5,5,10,9,0,,,,,,,1,3,35,9
2020-12-16 22:35:47,2020-12-16 22:35:57,0,213.151.62.189,100,9,1,2020-12-16 22:35:57,R_1llPjZEBK8MRk0E,,,,,32.0821075439453125,34.81219482421875,anonymous,EN,2,,,,,,,,,,,,,,,,,,,,,,,,,,,,,,,,,,,,,,,,,,,,,,,,,,,,,,,,,,,,,,,,,,,,,,,,,,,,,,,,,,,,,,,,,,,,,,,,,,,,,,,,,
2020-12-17 02:09:25,2020-12-17 02:15:37,0,176.63.24.243,100,371,1,2020-12-17 02:15:38,R_sMeN0hwXYgCqsRr,,,,,47.5,19.04119873046875,anonymous,EN,1,389,5,,1,,7,8,7,,,,,999,2,2,2,2,,,,,,,,,,5,5,5,5,5,5,5,7,7,5,7,7,,,,,,,8,9,7,9,10,10,9,10,8,9,9,9,,,,,,8,1,8,3,9,1,9,2,,,,,10,10,10,10,10,10,10,10,,,,,,5,5,0,5,5,0,5,5,0,5,5,0,,,,2,4,31,10
2020-12-16 11:04:14,2020-12-17 09:40:09,0,174.99.42.167,100,81355,1,2020-12-17 09:40:10,R_3EFORD9ZUpwHtsN,,,,,35.96099853515625,-78.92910003662109375,anonymous,EN,1,334,4,2,,,8,9,10,4,999,3,3,,,,,,,,,,,,8,8,7,,,,10,10,10,10,10,10,,,,,,,10,10,9,,,,4,6,5,10,10,10,,,,,,,5,6,,,10,0,5,0,,,,,9,9,,,9,9,10,10,,,,,10,10,0,,,,8,8,6,7,10,0,,,,,,,1,3,31,9
2020-12-21 09:58:19,2020-12-21 10:01:12,0,75.175.80.87,100,172,1,2020-12-21 10:01:12,R_2S6rc5ukQEum9Ge,,,,,30.4026031494140625,-87.688201904296875,anonymous,EN,1,356,4,2,,,6,10,10,2,999,3,3,,,,,,,,,,,,5,5,5,,,,9,9,9,8,8,8,,,,,,,5,5,5,,,,7,9,9,10,10,10,,,,,,,5,5,,,1,1,7,7,,,,,5,5,,,9,9,10,10,,,,,5,5,5,,,,7,7,7,10,10,10,,,,,,,1,3,28,9
2020-12-16 11:04:20,2020-12-16 11:04:48,0,72.80.209.215,4,28,0,2020-12-23 11:05:05,R_25BDA7JeYGryjgq,,,,,,,anonymous,EN,1,,,,,,,,,,,,,,,,,,,,,,,,,,,,,,,,,,,,,,,,,,,,,,,,,,,,,,,,,,,,,,,,,,,,,,,,,,,,,,,,,,,,,,,,,,,,,,,,,,,,,,,,,
2020-12-16 11:04:09,2020-12-16 11:09:01,0,93.35.245.80,67,292,0,2020-12-23 11:09:09,R_2PbcLhvWu2ejabH,,,,,,,anonymous,EN,1,389,5,,5,,7,8,9,,,,,1,0,0,0,999,,,,,,,0,9,0,10,10,10,10,10,10,10,10,10,,,,,,,,,,,,,,,,,,,,,,,,,1,1,,,,,,,,,,,10,10,10,10,10,10,10,10,,,,,10,10,0,10,10,0,10,10,0,10,7,0,,,,,,,,,,
2020-12-16 11:04:07,2020-12-16 11:20:25,0,71.105.20.58,80,977,0,2020-12-23 11:20:31,R_AjkZC9kDLmwVVfP,,,,,,,anonymous,EN,1,356,4,1,,,9,8,7,999,2,2,0,,,,,,,,,,,,,,,,,,,,,,,,,,,,,,,,,8,10,9,7,8,7,8,8,8,,,,,,,,,6,3,7,3,5,5,,,,,,,9,9,9,9,9,9,,,,,,,,5,5,2,5,5,2,5,5,2,,,,,,,,,,
2020-12-16 11:12:37,2020-12-16 12:55:06,0,148.75.232.230,52,6148,0,2020-12-23 12:55:08,R_3JCEhdt09vfjd29,,,,,,,anonymous,EN,1,356,4,4,,,3,10,7,2,4,2,999,,,,,,,,,,,,,,,,,,,,,,,,,,,,,,,,,,,,,,,,,,,,,,,,,,,,,,,,,,,,8,8,10,10,10,10,,,,,,,0,10,0,10,10,0,5,5,8,,,,,,,,,,,,,
2020-12-16 11:04:11,2020-12-16 16:16:16,0,108.54.173.236,2,18724,0,2020-12-23 16:16:26,R_3MT0iz0yZY3PbAg,,,,,,,anonymous,EN,1,,,,,,,,,,,,,,,,,,,,,,,,,,,,,,,,,,,,,,,,,,,,,,,,,,,,,,,,,,,,,,,,,,,,,,,,,,,,,,,,,,,,,,,,,,,,,,,,,,,,,,,,,
2020-12-29 02:07:16,2020-12-29 02:07:25,0,212.117.136.137,100,8,1,2020-12-29 02:07:25,R_2pLYxyYEbvSQTKE,,,,,31.96319580078125,34.8040008544921875,anonymous,EN,2,,,,,,,,,,,,,,,,,,,,,,,,,,,,,,,,,,,,,,,,,,,,,,,,,,,,,,,,,,,,,,,,,,,,,,,,,,,,,,,,,,,,,,,,,,,,,,,,,,,,,,,,,
2020-12-29 02:22:08,2020-12-29 02:22:23,8,212.117.136.137,100,14,1,2020-12-29 02:22:23,R_1LqBee5YbgEjWEk,,,,,31.96319580078125,34.8040008544921875,anonymous,EN,2,,,,,,,,,,,,,,,,,,,,,,,,,,,,,,,,,,,,,,,,,,,,,,,,,,,,,,,,,,,,,,,,,,,,,,,,,,,,,,,,,,,,,,,,,,,,,,,,,,,,,,,,,
2020-12-29 02:25:09,2020-12-29 02:25:13,8,212.117.136.137,100,3,1,2020-12-29 02:25:13,R_3qjqwltnwDOwnd1,,,,,31.96319580078125,34.8040008544921875,anonymous,EN,2,,,,,,,,,,,,,,,,,,,,,,,,,,,,,,,,,,,,,,,,,,,,,,,,,,,,,,,,,,,,,,,,,,,,,,,,,,,,,,,,,,,,,,,,,,,,,,,,,,,,,,,,,
2020-12-29 02:27:49,2020-12-29 02:32:42,8,212.117.136.137,100,293,1,2020-12-29 02:32:43,R_3qQgbsexk1lowKY,,,,,31.96319580078125,34.8040008544921875,anonymous,EN,2,,,,,,,,,,,,,,,,,,,,,,,,,,,,,,,,,,,,,,,,,,,,,,,,,,,,,,,,,,,,,,,,,,,,,,,,,,,,,,,,,,,,,,,,,,,,,,,,,,,,,,,,,
2020-12-29 02:34:14,2020-12-29 02:34:21,8,212.117.136.137,100,6,1,2020-12-29 02:34:21,R_Xv7laIWBlIa5X7r,,,,,31.96319580078125,34.8040008544921875,anonymous,EN,2,,,,,,,,,,,,,,,,,,,,,,,,,,,,,,,,,,,,,,,,,,,,,,,,,,,,,,,,,,,,,,,,,,,,,,,,,,,,,,,,,,,,,,,,,,,,,,,,,,,,,,,,,
2020-12-29 03:13:05,2020-12-29 03:13:13,0,212.117.136.137,100,8,1,2020-12-29 03:13:14,R_1CkyKAgjupVKzlC,,,,,31.96319580078125,34.8040008544921875,anonymous,EN,2,,,,,,,,,,,,,,,,,,,,,,,,,,,,,,,,,,,,,,,,,,,,,,,,,,,,,,,,,,,,,,,,,,,,,,,,,,,,,,,,,,,,,,,,,,,,,,,,,,,,,,,,,
2020-12-29 03:15:45,2020-12-29 03:16:02,8,212.117.136.137,100,16,1,2020-12-29 03:16:02,R_3g2cWuwxfMSOudy,,,,,31.96319580078125,34.8040008544921875,anonymous,EN,2,,,,,,,,,,,,,,,,,,,,,,,,,,,,,,,,,,,,,,,,,,,,,,,,,,,,,,,,,,,,,,,,,,,,,,,,,,,,,,,,,,,,,,,,,,,,,,,,,,,,,,,,,
2020-12-29 03:31:43,2020-12-29 03:31:54,8,212.117.136.137,100,11,1,2020-12-29 03:31:55,R_3ixnOPRjuhBDjPO,,,,,31.96319580078125,34.8040008544921875,anonymous,EN,2,,,,,,,,,,,,,,,,,,,,,,,,,,,,,,,,,,,,,,,,,,,,,,,,,,,,,,,,,,,,,,,,,,,,,,,,,,,,,,,,,,,,,,,,,,,,,,,,,,,,,,,,,
2020-12-29 14:27:45,2020-12-29 14:27:50,0,176.228.31.10,100,5,1,2020-12-29 14:27:51,R_br264V2osVRCe0V,,,,,31.7808074951171875,35.22869873046875,anonymous,EN,2,,,,,,,,,,,,,,,,,,,,,,,,,,,,,,,,,,,,,,,,,,,,,,,,,,,,,,,,,,,,,,,,,,,,,,,,,,,,,,,,,,,,,,,,,,,,,,,,,,,,,,,,,
2020-12-30 01:38:30,2020-12-30 01:38:48,0,77.127.109.64,100,18,1,2020-12-30 01:38:48,R_2rxt7u6595cM9VP,,,,,32.0666961669921875,34.766693115234375,anonymous,EN,2,,,,,,,,,,,,,,,,,,,,,,,,,,,,,,,,,,,,,,,,,,,,,,,,,,,,,,,,,,,,,,,,,,,,,,,,,,,,,,,,,,,,,,,,,,,,,,,,,,,,,,,,,
2020-12-30 05:49:09,2020-12-30 05:49:13,0,212.199.108.206,100,4,1,2020-12-30 05:49:14,R_6hi3dW5KtSiCr2p,,,,,32.0666961669921875,34.766693115234375,anonymous,EN,2,,,,,,,,,,,,,,,,,,,,,,,,,,,,,,,,,,,,,,,,,,,,,,,,,,,,,,,,,,,,,,,,,,,,,,,,,,,,,,,,,,,,,,,,,,,,,,,,,,,,,,,,,
2020-12-30 05:58:57,2020-12-30 05:59:00,8,212.199.108.206,100,3,1,2020-12-30 05:59:01,R_29bGhwBpaK56WU0,,,,,32.0666961669921875,34.766693115234375,anonymous,EN,2,,,,,,,,,,,,,,,,,,,,,,,,,,,,,,,,,,,,,,,,,,,,,,,,,,,,,,,,,,,,,,,,,,,,,,,,,,,,,,,,,,,,,,,,,,,,,,,,,,,,,,,,,
2020-12-31 09:32:23,2020-12-31 09:32:27,0,212.199.108.206,100,4,1,2020-12-31 09:32:27,R_3hit6Y1j5rSNiqB,,,,,32.0666961669921875,34.766693115234375,anonymous,EN,2,,,,,,,,,,,,,,,,,,,,,,,,,,,,,,,,,,,,,,,,,,,,,,,,,,,,,,,,,,,,,,,,,,,,,,,,,,,,,,,,,,,,,,,,,,,,,,,,,,,,,,,,,
2021-01-03 04:38:07,2021-01-03 04:38:12,0,94.230.80.74,100,5,1,2021-01-03 04:38:12,R_yJadr0MmOg0Skq5,,,,,31.96319580078125,34.8040008544921875,anonymous,EN,2,,,,,,,,,,,,,,,,,,,,,,,,,,,,,,,,,,,,,,,,,,,,,,,,,,,,,,,,,,,,,,,,,,,,,,,,,,,,,,,,,,,,,,,,,,,,,,,,,,,,,,,,,
2021-01-06 06:05:42,2021-01-06 06:05:57,0,79.181.84.101,100,15,1,2021-01-06 06:05:58,R_3IQ3ox9JzzBhjMY,,,,,32.0666961669921875,34.766693115234375,anonymous,EN,2,,,,,,,,,,,,,,,,,,,,,,,,,,,,,,,,,,,,,,,,,,,,,,,,,,,,,,,,,,,,,,,,,,,,,,,,,,,,,,,,,,,,,,,,,,,,,,,,,,,,,,,,,
2021-01-06 06:07:05,2021-01-06 06:07:11,8,79.181.84.101,100,5,1,2021-01-06 06:07:11,R_1LuMWe0Tt2X89VU,,,,,32.0666961669921875,34.766693115234375,anonymous,EN,2,,,,,,,,,,,,,,,,,,,,,,,,,,,,,,,,,,,,,,,,,,,,,,,,,,,,,,,,,,,,,,,,,,,,,,,,,,,,,,,,,,,,,,,,,,,,,,,,,,,,,,,,,
2021-01-06 06:18:59,2021-01-06 06:19:04,8,79.181.84.101,100,4,1,2021-01-06 06:19:04,R_30ic5swzYce9JM5,,,,,32.0666961669921875,34.766693115234375,anonymous,EN,2,,,,,,,,,,,,,,,,,,,,,,,,,,,,,,,,,,,,,,,,,,,,,,,,,,,,,,,,,,,,,,,,,,,,,,,,,,,,,,,,,,,,,,,,,,,,,,,,,,,,,,,,,
2021-01-07 02:45:50,2021-01-07 02:46:01,0,87.71.16.143,100,11,1,2021-01-07 02:46:02,R_0pQYPOl97fWYFjj,,,,,32.0666961669921875,34.766693115234375,anonymous,EN,2,,,,,,,,,,,,,,,,,,,,,,,,,,,,,,,,,,,,,,,,,,,,,,,,,,,,,,,,,,,,,,,,,,,,,,,,,,,,,,,,,,,,,,,,,,,,,,,,,,,,,,,,,
2021-01-11 23:58:26,2021-01-11 23:58:31,0,2.53.155.200,100,4,1,2021-01-11 23:58:31,R_2xyhNuixPLJBYOU,,,,,32.0666961669921875,34.766693115234375,anonymous,EN,2,,,,,,,,,,,,,,,,,,,,,,,,,,,,,,,,,,,,,,,,,,,,,,,,,,,,,,,,,,,,,,,,,,,,,,,,,,,,,,,,,,,,,,,,,,,,,,,,,,,,,,,,,
2021-01-11 23:59:24,2021-01-11 23:59:27,8,2.53.155.200,100,3,1,2021-01-11 23:59:28,R_21yM1ZWR1uk2EP1,,,,,32.0666961669921875,34.766693115234375,anonymous,EN,2,,,,,,,,,,,,,,,,,,,,,,,,,,,,,,,,,,,,,,,,,,,,,,,,,,,,,,,,,,,,,,,,,,,,,,,,,,,,,,,,,,,,,,,,,,,,,,,,,,,,,,,,,
2021-01-12 00:00:23,2021-01-12 00:00:28,8,2.53.155.200,100,5,1,2021-01-12 00:00:28,R_qC0nlCYnQ80DETT,,,,,32.0666961669921875,34.766693115234375,anonymous,EN,2,,,,,,,,,,,,,,,,,,,,,,,,,,,,,,,,,,,,,,,,,,,,,,,,,,,,,,,,,,,,,,,,,,,,,,,,,,,,,,,,,,,,,,,,,,,,,,,,,,,,,,,,,
2021-01-17 03:32:15,2021-01-17 03:32:28,0,5.102.211.218,100,12,1,2021-01-17 03:32:28,R_2Y8I048kb4ywpa7,,,,,32.1678924560546875,34.8339996337890625,anonymous,EN,2,,,,,,,,,,,,,,,,,,,,,,,,,,,,,,,,,,,,,,,,,,,,,,,,,,,,,,,,,,,,,,,,,,,,,,,,,,,,,,,,,,,,,,,,,,,,,,,,,,,,,,,,,
2021-01-19 05:59:25,2021-01-19 05:59:30,0,132.64.28.237,100,4,1,2021-01-19 05:59:31,R_3lVrV8qZtWwcZju,,,,,31.7808074951171875,35.22869873046875,anonymous,EN,2,,,,,,,,,,,,,,,,,,,,,,,,,,,,,,,,,,,,,,,,,,,,,,,,,,,,,,,,,,,,,,,,,,,,,,,,,,,,,,,,,,,,,,,,,,,,,,,,,,,,,,,,,
2021-01-19 08:07:45,2021-01-19 08:07:51,0,5.29.93.35,100,5,1,2021-01-19 08:07:51,R_3GCf2Od6KGgpJBt,,,,,31.7808074951171875,35.22869873046875,anonymous,EN,2,,,,,,,,,,,,,,,,,,,,,,,,,,,,,,,,,,,,,,,,,,,,,,,,,,,,,,,,,,,,,,,,,,,,,,,,,,,,,,,,,,,,,,,,,,,,,,,,,,,,,,,,,
2021-01-21 08:06:14,2021-01-21 08:06:19,0,176.12.187.115,100,5,1,2021-01-21 08:06:19,R_3oEKwcTPM0gTqqT,,,,,32.0666961669921875,34.766693115234375,anonymous,EN,2,,,,,,,,,,,,,,,,,,,,,,,,,,,,,,,,,,,,,,,,,,,,,,,,,,,,,,,,,,,,,,,,,,,,,,,,,,,,,,,,,,,,,,,,,,,,,,,,,,,,,,,,,
2021-01-21 09:50:08,2021-01-21 09:50:36,0,176.12.191.152,100,27,1,2021-01-21 09:50:36,R_pxxwWQI0qqjhVQd,,,,,32.0666961669921875,34.766693115234375,anonymous,EN,2,,,,,,,,,,,,,,,,,,,,,,,,,,,,,,,,,,,,,,,,,,,,,,,,,,,,,,,,,,,,,,,,,,,,,,,,,,,,,,,,,,,,,,,,,,,,,,,,,,,,,,,,,
2021-01-21 10:28:25,2021-01-21 10:28:33,0,77.137.114.241,100,7,1,2021-01-21 10:28:34,R_Ddgb59eFQXyfv8Z,,,,,32.0666961669921875,34.766693115234375,anonymous,EN,2,,,,,,,,,,,,,,,,,,,,,,,,,,,,,,,,,,,,,,,,,,,,,,,,,,,,,,,,,,,,,,,,,,,,,,,,,,,,,,,,,,,,,,,,,,,,,,,,,,,,,,,,,
2021-01-21 10:33:16,2021-01-21 10:33:21,8,77.137.114.241,100,5,1,2021-01-21 10:33:21,R_1esNF2TAebdCfgh,,,,,32.0666961669921875,34.766693115234375,anonymous,EN,2,,,,,,,,,,,,,,,,,,,,,,,,,,,,,,,,,,,,,,,,,,,,,,,,,,,,,,,,,,,,,,,,,,,,,,,,,,,,,,,,,,,,,,,,,,,,,,,,,,,,,,,,,
2021-01-22 00:56:55,2021-01-22 00:56:59,0,95.86.106.139,100,3,1,2021-01-22 00:57:00,R_1qaNYf9JOUq5phk,,,,,31.7808074951171875,35.22869873046875,anonymous,EN,2,,,,,,,,,,,,,,,,,,,,,,,,,,,,,,,,,,,,,,,,,,,,,,,,,,,,,,,,,,,,,,,,,,,,,,,,,,,,,,,,,,,,,,,,,,,,,,,,,,,,,,,,,
2021-01-22 01:15:36,2021-01-22 01:15:40,8,95.86.106.139,100,4,1,2021-01-22 01:15:40,R_2dvjgd9OhQaBMj8,,,,,31.7808074951171875,35.22869873046875,anonymous,EN,2,,,,,,,,,,,,,,,,,,,,,,,,,,,,,,,,,,,,,,,,,,,,,,,,,,,,,,,,,,,,,,,,,,,,,,,,,,,,,,,,,,,,,,,,,,,,,,,,,,,,,,,,,
2021-01-22 01:43:16,2021-01-22 01:43:20,0,95.86.106.139,100,3,1,2021-01-22 01:43:20,R_DuBDgmZintCHCjn,,,,,31.7808074951171875,35.22869873046875,anonymous,EN,2,,,,,,,,,,,,,,,,,,,,,,,,,,,,,,,,,,,,,,,,,,,,,,,,,,,,,,,,,,,,,,,,,,,,,,,,,,,,,,,,,,,,,,,,,,,,,,,,,,,,,,,,,
2021-01-24 06:36:40,2021-01-24 06:36:45,0,82.166.188.177,100,5,1,2021-01-24 06:36:46,R_2YaWLEKOBZPHVks,,,,,32.0666961669921875,34.766693115234375,anonymous,EN,2,,,,,,,,,,,,,,,,,,,,,,,,,,,,,,,,,,,,,,,,,,,,,,,,,,,,,,,,,,,,,,,,,,,,,,,,,,,,,,,,,,,,,,,,,,,,,,,,,,,,,,,,,
2021-01-24 07:42:34,2021-01-24 07:42:43,0,82.166.188.177,100,9,1,2021-01-24 07:42:44,R_1n3fZ2sUYtbkKyK,,,,,32.0666961669921875,34.766693115234375,anonymous,EN,2,,,,,,,,,,,,,,,,,,,,,,,,,,,,,,,,,,,,,,,,,,,,,,,,,,,,,,,,,,,,,,,,,,,,,,,,,,,,,,,,,,,,,,,,,,,,,,,,,,,,,,,,,
2021-01-24 12:18:03,2021-01-24 12:18:13,0,79.176.0.215,100,9,1,2021-01-24 12:18:13,R_UnABuGWfvpqDFdv,,,,,32.0666961669921875,34.766693115234375,anonymous,EN,2,,,,,,,,,,,,,,,,,,,,,,,,,,,,,,,,,,,,,,,,,,,,,,,,,,,,,,,,,,,,,,,,,,,,,,,,,,,,,,,,,,,,,,,,,,,,,,,,,,,,,,,,,
2021-01-26 12:59:04,2021-01-26 12:59:12,0,79.181.33.102,100,8,1,2021-01-26 12:59:12,R_2Y2O4dvwWsI9ls6,,,,,32.0666961669921875,34.766693115234375,anonymous,EN,2,,,,,,,,,,,,,,,,,,,,,,,,,,,,,,,,,,,,,,,,,,,,,,,,,,,,,,,,,,,,,,,,,,,,,,,,,,,,,,,,,,,,,,,,,,,,,,,,,,,,,,,,,
2021-01-26 23:58:21,2021-01-26 23:58:26,0,82.166.188.177,100,4,1,2021-01-26 23:58:26,R_d5rUHWvWaZjSoQp,,,,,32.0666961669921875,34.766693115234375,anonymous,EN,2,,,,,,,,,,,,,,,,,,,,,,,,,,,,,,,,,,,,,,,,,,,,,,,,,,,,,,,,,,,,,,,,,,,,,,,,,,,,,,,,,,,,,,,,,,,,,,,,,,,,,,,,,
2021-01-27 00:07:27,2021-01-27 00:15:51,0,79.183.65.70,100,504,1,2021-01-27 00:15:53,R_1pEzGUKOog5psPL,,,,,32.0666961669921875,34.766693115234375,anonymous,EN,1,817,5,,3,,8,9,9,,,,,3,4,4,4,4,,,,,,,2,3,1,9,10,10,,,,9,9,8,10,10,10,,,,3,5,4,7,8,10,,,,7,9,8,9,9,9,,,,7,0,6,0,,,6,0,7,0,,,5,5,9,9,,,9,9,10,10,,,6,7,1,10,10,0,,,,9,8,2,10,10,0,,,,1,3,53,10
2021-01-27 07:35:37,2021-01-27 07:35:41,0,82.166.188.177,100,4,1,2021-01-27 07:35:42,R_Tc38xVkHweZQ2it,,,,,32.0666961669921875,34.766693115234375,anonymous,EN,2,,,,,,,,,,,,,,,,,,,,,,,,,,,,,,,,,,,,,,,,,,,,,,,,,,,,,,,,,,,,,,,,,,,,,,,,,,,,,,,,,,,,,,,,,,,,,,,,,,,,,,,,,
2021-01-27 09:32:38,2021-01-27 09:32:44,0,89.237.75.38,100,6,1,2021-01-27 09:32:45,R_10qt6BdzJqOVice,,,,,32.0695037841796875,34.7621002197265625,anonymous,EN,2,,,,,,,,,,,,,,,,,,,,,,,,,,,,,,,,,,,,,,,,,,,,,,,,,,,,,,,,,,,,,,,,,,,,,,,,,,,,,,,,,,,,,,,,,,,,,,,,,,,,,,,,,
2021-01-28 06:27:39,2021-01-28 06:27:46,0,82.166.188.177,100,6,1,2021-01-28 06:27:46,R_2EEPE4MTLDbDq9j,,,,,32.0666961669921875,34.766693115234375,anonymous,EN,2,,,,,,,,,,,,,,,,,,,,,,,,,,,,,,,,,,,,,,,,,,,,,,,,,,,,,,,,,,,,,,,,,,,,,,,,,,,,,,,,,,,,,,,,,,,,,,,,,,,,,,,,,
2021-01-26 06:58:31,2021-01-31 05:14:50,0,141.226.8.51,100,425779,1,2021-01-31 05:14:51,R_3hEGaTxmWKxMty5,,,,,32.0666961669921875,34.766693115234375,anonymous,EN,,817,5,,1,,10,10,7,,,,,999,4,3,4,3,,,,,,,,,,7,8,9,6,7,8,8,7,7,5,5,5,,,,,,,9,9,10,8,8,8,6,7,8,7,7,8,,,,,,9,1,7,2,8,0,6,4,,,,,10,9,7,8,9,10,8,8,,,,,,9,9,0,8,8,0,8,7,0,7,7,0,,,,2,1,63,10
2021-01-31 06:09:44,2021-01-31 06:09:51,0,87.71.92.226,100,6,1,2021-01-31 06:09:52,R_UrW3q77EP21GdoJ,,,,,32.0695037841796875,34.7621002197265625,anonymous,EN,2,,,,,,,,,,,,,,,,,,,,,,,,,,,,,,,,,,,,,,,,,,,,,,,,,,,,,,,,,,,,,,,,,,,,,,,,,,,,,,,,,,,,,,,,,,,,,,,,,,,,,,,,,
2021-01-31 07:12:47,2021-01-31 07:12:52,0,2.55.40.183,100,5,1,2021-01-31 07:12:53,R_XBWdY90ya4mrj6F,,,,,32.0666961669921875,34.766693115234375,anonymous,EN,2,,,,,,,,,,,,,,,,,,,,,,,,,,,,,,,,,,,,,,,,,,,,,,,,,,,,,,,,,,,,,,,,,,,,,,,,,,,,,,,,,,,,,,,,,,,,,,,,,,,,,,,,,
2021-01-31 13:07:28,2021-01-31 13:07:34,0,87.71.92.226,100,5,1,2021-01-31 13:07:34,R_VINdy2eBDP1Wswx,,,,,32.0695037841796875,34.7621002197265625,anonymous,EN,2,,,,,,,,,,,,,,,,,,,,,,,,,,,,,,,,,,,,,,,,,,,,,,,,,,,,,,,,,,,,,,,,,,,,,,,,,,,,,,,,,,,,,,,,,,,,,,,,,,,,,,,,,
2021-02-07 02:49:07,2021-02-07 02:49:14,0,185.145.28.7,100,7,1,2021-02-07 02:49:14,R_9EMJljEI9q4Q0V3,,,,,31.96319580078125,34.8040008544921875,anonymous,EN,2,,,,,,,,,,,,,,,,,,,,,,,,,,,,,,,,,,,,,,,,,,,,,,,,,,,,,,,,,,,,,,,,,,,,,,,,,,,,,,,,,,,,,,,,,,,,,,,,,,,,,,,,,
2021-02-07 04:27:00,2021-02-07 04:27:05,0,77.137.152.82,100,4,1,2021-02-07 04:27:05,R_vf51u3vNTtxBIOt,,,,,32.0695037841796875,34.7621002197265625,anonymous,EN,2,,,,,,,,,,,,,,,,,,,,,,,,,,,,,,,,,,,,,,,,,,,,,,,,,,,,,,,,,,,,,,,,,,,,,,,,,,,,,,,,,,,,,,,,,,,,,,,,,,,,,,,,,
2021-02-07 07:21:44,2021-02-07 07:21:48,0,185.145.28.7,100,3,1,2021-02-07 07:21:48,R_2f8ue82juDejtDY,,,,,32.012298583984375,34.7704925537109375,anonymous,EN,2,,,,,,,,,,,,,,,,,,,,,,,,,,,,,,,,,,,,,,,,,,,,,,,,,,,,,,,,,,,,,,,,,,,,,,,,,,,,,,,,,,,,,,,,,,,,,,,,,,,,,,,,,
2021-02-07 07:22:03,2021-02-07 07:22:07,8,185.145.28.7,100,3,1,2021-02-07 07:22:07,R_2U8T77iv95La1JW,,,,,31.96319580078125,34.8040008544921875,anonymous,EN,2,,,,,,,,,,,,,,,,,,,,,,,,,,,,,,,,,,,,,,,,,,,,,,,,,,,,,,,,,,,,,,,,,,,,,,,,,,,,,,,,,,,,,,,,,,,,,,,,,,,,,,,,,
2021-02-14 06:22:00,2021-02-14 06:25:22,0,212.150.5.74,100,202,1,2021-02-14 06:25:23,R_1FkVhJYEC7mgYUL,,,,,32.072906494140625,34.8480987548828125,anonymous,EN,2,,,,,,,,,,,,,,,,,,,,,,,,,,,,,,,,,,,,,,,,,,,,,,,,,,,,,,,,,,,,,,,,,,,,,,,,,,,,,,,,,,,,,,,,,,,,,,,,,,,,,,,,,
2021-02-14 06:47:24,2021-02-14 06:47:28,8,212.150.5.74,100,4,1,2021-02-14 06:47:28,R_28Nv1NZgV3chDlH,,,,,32.072906494140625,34.8480987548828125,anonymous,EN,2,,,,,,,,,,,,,,,,,,,,,,,,,,,,,,,,,,,,,,,,,,,,,,,,,,,,,,,,,,,,,,,,,,,,,,,,,,,,,,,,,,,,,,,,,,,,,,,,,,,,,,,,,
2021-02-14 06:47:46,2021-02-14 06:47:52,0,5.29.236.106,100,6,1,2021-02-14 06:47:53,R_3CNI1QhWTPMn2sy,,,,,32.0666046142578125,34.76519775390625,anonymous,EN,2,,,,,,,,,,,,,,,,,,,,,,,,,,,,,,,,,,,,,,,,,,,,,,,,,,,,,,,,,,,,,,,,,,,,,,,,,,,,,,,,,,,,,,,,,,,,,,,,,,,,,,,,,
2021-02-14 06:46:51,2021-02-14 06:48:44,8,212.150.5.74,100,113,1,2021-02-14 06:48:45,R_3PAzLxMIDPecNXw,,,,,32.072906494140625,34.8480987548828125,anonymous,EN,2,,,,,,,,,,,,,,,,,,,,,,,,,,,,,,,,,,,,,,,,,,,,,,,,,,,,,,,,,,,,,,,,,,,,,,,,,,,,,,,,,,,,,,,,,,,,,,,,,,,,,,,,,
2021-02-14 07:12:38,2021-02-14 07:12:45,8,212.150.5.74,100,6,1,2021-02-14 07:12:45,R_31MzxyTAAGzZmHX,,,,,32.072906494140625,34.8480987548828125,anonymous,EN,2,,,,,,,,,,,,,,,,,,,,,,,,,,,,,,,,,,,,,,,,,,,,,,,,,,,,,,,,,,,,,,,,,,,,,,,,,,,,,,,,,,,,,,,,,,,,,,,,,,,,,,,,,
2021-02-14 07:19:02,2021-02-14 07:19:10,8,212.150.5.74,100,8,1,2021-02-14 07:19:11,R_2SpFWCIKCidjbxO,,,,,32.072906494140625,34.8480987548828125,anonymous,EN,2,,,,,,,,,,,,,,,,,,,,,,,,,,,,,,,,,,,,,,,,,,,,,,,,,,,,,,,,,,,,,,,,,,,,,,,,,,,,,,,,,,,,,,,,,,,,,,,,,,,,,,,,,
2021-02-14 07:40:54,2021-02-14 08:09:21,0,46.117.162.10,100,1707,1,2021-02-14 08:09:22,R_1lgTI5i0oPIakZO,,,,,32.0626068115234375,34.88360595703125,anonymous,EN,1,786,6,,,6,9,7,8,,,,,,,,,,2,2,2,2,3,999,7,7,7,7,6,6,4,5,5,3,3,3,6,7,5,,,,9,6,8,7,7,9,8,8,8,7,6,8,9,8,9,,,,8,2,6,5,4,6,6,2,7,3,,,8,8,7,8,6,7,4,4,7,6,,,9,9,0,9,9,0,9,9,0,7,9,0,9,8,0,,,,2,4,38,10
2021-02-15 02:27:45,2021-02-15 02:27:51,0,185.145.28.7,100,6,1,2021-02-15 02:27:52,R_3qlFG5idDHMh92u,,,,,32.012298583984375,34.7704925537109375,anonymous,EN,2,,,,,,,,,,,,,,,,,,,,,,,,,,,,,,,,,,,,,,,,,,,,,,,,,,,,,,,,,,,,,,,,,,,,,,,,,,,,,,,,,,,,,,,,,,,,,,,,,,,,,,,,,
2021-02-15 02:52:01,2021-02-15 02:52:10,0,77.137.152.82,100,8,1,2021-02-15 02:52:10,R_1Q00E3TgjRU1Lvv,,,,,32.0821075439453125,34.81219482421875,anonymous,EN,2,,,,,,,,,,,,,,,,,,,,,,,,,,,,,,,,,,,,,,,,,,,,,,,,,,,,,,,,,,,,,,,,,,,,,,,,,,,,,,,,,,,,,,,,,,,,,,,,,,,,,,,,,
2021-02-15 02:57:00,2021-02-15 02:57:04,0,185.145.28.7,100,3,1,2021-02-15 02:57:04,R_OOIy2wVaHDSD3m9,,,,,32.012298583984375,34.7704925537109375,anonymous,EN,2,,,,,,,,,,,,,,,,,,,,,,,,,,,,,,,,,,,,,,,,,,,,,,,,,,,,,,,,,,,,,,,,,,,,,,,,,,,,,,,,,,,,,,,,,,,,,,,,,,,,,,,,,
2021-02-15 03:00:49,2021-02-15 03:00:58,8,185.145.28.7,100,8,1,2021-02-15 03:00:58,R_1mCrE3I9Mk61qHK,,,,,32.012298583984375,34.7704925537109375,anonymous,EN,2,,,,,,,,,,,,,,,,,,,,,,,,,,,,,,,,,,,,,,,,,,,,,,,,,,,,,,,,,,,,,,,,,,,,,,,,,,,,,,,,,,,,,,,,,,,,,,,,,,,,,,,,,
2021-02-15 03:10:16,2021-02-15 03:10:22,8,185.145.28.7,100,6,1,2021-02-15 03:10:22,R_3Jn2bUTvChuLW07,,,,,32.012298583984375,34.7704925537109375,anonymous,EN,2,,,,,,,,,,,,,,,,,,,,,,,,,,,,,,,,,,,,,,,,,,,,,,,,,,,,,,,,,,,,,,,,,,,,,,,,,,,,,,,,,,,,,,,,,,,,,,,,,,,,,,,,,
2021-02-15 04:36:33,2021-02-15 04:36:37,0,176.12.154.125,100,4,1,2021-02-15 04:36:38,R_ApQqAPtPRw9DFQt,,,,,32.0666046142578125,34.76519775390625,anonymous,EN,2,,,,,,,,,,,,,,,,,,,,,,,,,,,,,,,,,,,,,,,,,,,,,,,,,,,,,,,,,,,,,,,,,,,,,,,,,,,,,,,,,,,,,,,,,,,,,,,,,,,,,,,,,
2021-02-15 04:41:30,2021-02-15 04:41:33,8,176.12.154.125,100,3,1,2021-02-15 04:41:34,R_1rMjDDmeGfz6nLj,,,,,32.0666046142578125,34.76519775390625,anonymous,EN,2,,,,,,,,,,,,,,,,,,,,,,,,,,,,,,,,,,,,,,,,,,,,,,,,,,,,,,,,,,,,,,,,,,,,,,,,,,,,,,,,,,,,,,,,,,,,,,,,,,,,,,,,,
2021-02-15 23:37:18,2021-02-15 23:37:25,0,77.137.147.185,100,6,1,2021-02-15 23:37:25,R_31WQYweUydUbnjo,,,,,32.0821075439453125,34.81219482421875,anonymous,EN,2,,,,,,,,,,,,,,,,,,,,,,,,,,,,,,,,,,,,,,,,,,,,,,,,,,,,,,,,,,,,,,,,,,,,,,,,,,,,,,,,,,,,,,,,,,,,,,,,,,,,,,,,,
2021-02-20 23:50:43,2021-02-20 23:50:49,0,62.90.94.110,100,5,1,2021-02-20 23:50:49,R_A0ZCggW7yN9e2GZ,,,,,32.0666046142578125,34.76519775390625,anonymous,EN,2,,,,,,,,,,,,,,,,,,,,,,,,,,,,,,,,,,,,,,,,,,,,,,,,,,,,,,,,,,,,,,,,,,,,,,,,,,,,,,,,,,,,,,,,,,,,,,,,,,,,,,,,,
2021-02-25 04:09:26,2021-02-25 04:10:05,0,176.12.215.229,100,38,1,2021-02-25 04:10:05,R_2ZVSjPzIfVaj8dM,,,,,32.0666046142578125,34.76519775390625,anonymous,EN,2,,,,,,,,,,,,,,,,,,,,,,,,,,,,,,,,,,,,,,,,,,,,,,,,,,,,,,,,,,,,,,,,,,,,,,,,,,,,,,,,,,,,,,,,,,,,,,,,,,,,,,,,,
2021-02-25 06:31:36,2021-02-25 06:31:39,0,2.53.23.150,100,3,1,2021-02-25 06:31:39,R_2COnhC7XWPWkGLG,,,,,32.0666046142578125,34.76519775390625,anonymous,EN,2,,,,,,,,,,,,,,,,,,,,,,,,,,,,,,,,,,,,,,,,,,,,,,,,,,,,,,,,,,,,,,,,,,,,,,,,,,,,,,,,,,,,,,,,,,,,,,,,,,,,,,,,,
2021-02-25 06:32:09,2021-02-25 06:32:12,8,2.53.23.150,100,2,1,2021-02-25 06:32:12,R_1dB1wggH9vANYll,,,,,32.0666046142578125,34.76519775390625,anonymous,EN,2,,,,,,,,,,,,,,,,,,,,,,,,,,,,,,,,,,,,,,,,,,,,,,,,,,,,,,,,,,,,,,,,,,,,,,,,,,,,,,,,,,,,,,,,,,,,,,,,,,,,,,,,,
2021-02-27 10:32:37,2021-02-27 10:32:43,0,46.117.160.202,100,5,1,2021-02-27 10:32:43,R_2ZKw61PoFGARKjY,,,,,32.0876007080078125,34.8739013671875,anonymous,EN,2,,,,,,,,,,,,,,,,,,,,,,,,,,,,,,,,,,,,,,,,,,,,,,,,,,,,,,,,,,,,,,,,,,,,,,,,,,,,,,,,,,,,,,,,,,,,,,,,,,,,,,,,,
2021-02-27 10:33:26,2021-02-27 10:33:29,8,46.117.160.202,100,3,1,2021-02-27 10:33:29,R_qCm3hDjf9zl0bn3,,,,,32.0876007080078125,34.8739013671875,anonymous,EN,2,,,,,,,,,,,,,,,,,,,,,,,,,,,,,,,,,,,,,,,,,,,,,,,,,,,,,,,,,,,,,,,,,,,,,,,,,,,,,,,,,,,,,,,,,,,,,,,,,,,,,,,,,
2021-03-04 04:45:55,2021-03-04 04:46:01,0,77.137.49.171,100,6,1,2021-03-04 04:46:02,R_R9cD10da1XWhXax,,,,,32.0666046142578125,34.76519775390625,anonymous,EN,2,,,,,,,,,,,,,,,,,,,,,,,,,,,,,,,,,,,,,,,,,,,,,,,,,,,,,,,,,,,,,,,,,,,,,,,,,,,,,,,,,,,,,,,,,,,,,,,,,,,,,,,,,
2021-03-07 11:55:22,2021-03-07 11:55:30,0,5.29.93.35,100,8,1,2021-03-07 11:55:31,R_74KBPl6P8qHPurn,,,,,31.7808074951171875,35.22869873046875,anonymous,EN,2,,,,,,,,,,,,,,,,,,,,,,,,,,,,,,,,,,,,,,,,,,,,,,,,,,,,,,,,,,,,,,,,,,,,,,,,,,,,,,,,,,,,,,,,,,,,,,,,,,,,,,,,,
2021-03-08 09:22:43,2021-03-08 09:22:48,0,147.161.8.30,100,5,1,2021-03-08 09:22:49,R_31Qz193S2FKLVGp,,,,,32.0666046142578125,34.76519775390625,anonymous,EN,2,,,,,,,,,,,,,,,,,,,,,,,,,,,,,,,,,,,,,,,,,,,,,,,,,,,,,,,,,,,,,,,,,,,,,,,,,,,,,,,,,,,,,,,,,,,,,,,,,,,,,,,,,
2021-03-15 09:59:10,2021-03-15 09:59:15,0,141.226.11.33,100,5,1,2021-03-15 09:59:16,R_24MASYXryl0z63p,,,,,32.0666046142578125,34.76519775390625,anonymous,EN,2,,,,,,,,,,,,,,,,,,,,,,,,,,,,,,,,,,,,,,,,,,,,,,,,,,,,,,,,,,,,,,,,,,,,,,,,,,,,,,,,,,,,,,,,,,,,,,,,,,,,,,,,,
2021-03-16 03:48:09,2021-03-16 03:48:14,0,46.19.85.190,100,5,1,2021-03-16 03:48:14,R_3j8TMKz9KYoPFQr,,,,,32.0666046142578125,34.76519775390625,anonymous,EN,2,,,,,,,,,,,,,,,,,,,,,,,,,,,,,,,,,,,,,,,,,,,,,,,,,,,,,,,,,,,,,,,,,,,,,,,,,,,,,,,,,,,,,,,,,,,,,,,,,,,,,,,,,
2021-03-16 03:52:07,2021-03-16 03:52:15,0,188.64.207.79,100,8,1,2021-03-16 03:52:16,R_4H2VojgoAf4Egxj,,,,,32.0666046142578125,34.76519775390625,anonymous,EN,2,,,,,,,,,,,,,,,,,,,,,,,,,,,,,,,,,,,,,,,,,,,,,,,,,,,,,,,,,,,,,,,,,,,,,,,,,,,,,,,,,,,,,,,,,,,,,,,,,,,,,,,,,
2021-03-17 04:49:20,2021-03-17 04:49:24,0,109.64.70.126,100,3,1,2021-03-17 04:49:24,R_3KW0O3junhVpeVf,,,,,32.0666046142578125,34.76519775390625,anonymous,EN,2,,,,,,,,,,,,,,,,,,,,,,,,,,,,,,,,,,,,,,,,,,,,,,,,,,,,,,,,,,,,,,,,,,,,,,,,,,,,,,,,,,,,,,,,,,,,,,,,,,,,,,,,,
2021-03-17 09:10:32,2021-03-17 09:10:37,0,141.226.11.33,100,4,1,2021-03-17 09:10:37,R_1hyeQx30rPH8Ix7,,,,,32.0666046142578125,34.76519775390625,anonymous,EN,2,,,,,,,,,,,,,,,,,,,,,,,,,,,,,,,,,,,,,,,,,,,,,,,,,,,,,,,,,,,,,,,,,,,,,,,,,,,,,,,,,,,,,,,,,,,,,,,,,,,,,,,,,
2021-03-17 09:29:35,2021-03-17 09:29:39,8,141.226.11.33,100,4,1,2021-03-17 09:29:39,R_ssTMsUZQSdSHUDT,,,,,32.0666046142578125,34.76519775390625,anonymous,EN,2,,,,,,,,,,,,,,,,,,,,,,,,,,,,,,,,,,,,,,,,,,,,,,,,,,,,,,,,,,,,,,,,,,,,,,,,,,,,,,,,,,,,,,,,,,,,,,,,,,,,,,,,,
2021-03-30 04:15:53,2021-03-30 04:15:59,0,84.228.126.214,100,6,1,2021-03-30 04:16:00,R_2Uiwn8saNnwlRFs,,,,,32.0666046142578125,34.76519775390625,anonymous,EN,2,,,,,,,,,,,,,,,,,,,,,,,,,,,,,,,,,,,,,,,,,,,,,,,,,,,,,,,,,,,,,,,,,,,,,,,,,,,,,,,,,,,,,,,,,,,,,,,,,,,,,,,,,
2021-03-30 04:42:40,2021-03-30 04:42:46,0,5.29.43.27,100,6,1,2021-03-30 04:42:46,R_1nUSdj0bIq9iVC4,,,,,32.0666046142578125,34.76519775390625,anonymous,EN,2,,,,,,,,,,,,,,,,,,,,,,,,,,,,,,,,,,,,,,,,,,,,,,,,,,,,,,,,,,,,,,,,,,,,,,,,,,,,,,,,,,,,,,,,,,,,,,,,,,,,,,,,,
2021-03-30 05:14:47,2021-03-30 05:14:51,0,79.181.162.81,100,3,1,2021-03-30 05:14:51,R_1BV4fXdU9SEqsEx,,,,,31.96319580078125,34.8040008544921875,anonymous,EN,2,,,,,,,,,,,,,,,,,,,,,,,,,,,,,,,,,,,,,,,,,,,,,,,,,,,,,,,,,,,,,,,,,,,,,,,,,,,,,,,,,,,,,,,,,,,,,,,,,,,,,,,,,
2021-03-30 05:16:44,2021-03-30 05:16:47,0,109.253.169.188,100,3,1,2021-03-30 05:16:48,R_86YF0qTF15rC6E9,,,,,32.0666046142578125,34.76519775390625,anonymous,EN,2,,,,,,,,,,,,,,,,,,,,,,,,,,,,,,,,,,,,,,,,,,,,,,,,,,,,,,,,,,,,,,,,,,,,,,,,,,,,,,,,,,,,,,,,,,,,,,,,,,,,,,,,,
2021-03-30 06:56:34,2021-03-30 06:56:40,0,89.139.198.187,100,5,1,2021-03-30 06:56:40,R_27BQMJz3z9gqFVm,,,,,32.0666046142578125,34.76519775390625,anonymous,EN,2,,,,,,,,,,,,,,,,,,,,,,,,,,,,,,,,,,,,,,,,,,,,,,,,,,,,,,,,,,,,,,,,,,,,,,,,,,,,,,,,,,,,,,,,,,,,,,,,,,,,,,,,,
2021-03-30 07:28:08,2021-03-30 07:28:22,0,87.71.130.222,100,13,1,2021-03-30 07:28:23,R_3mjEZBqDSTXIILJ,,,,,32.06500244140625,34.8578033447265625,anonymous,EN,2,,,,,,,,,,,,,,,,,,,,,,,,,,,,,,,,,,,,,,,,,,,,,,,,,,,,,,,,,,,,,,,,,,,,,,,,,,,,,,,,,,,,,,,,,,,,,,,,,,,,,,,,,
2021-03-30 10:25:30,2021-03-30 10:25:37,0,109.253.192.27,100,6,1,2021-03-30 10:25:37,R_2wEtIFvCaPZBAgb,,,,,32.0666046142578125,34.76519775390625,anonymous,EN,2,,,,,,,,,,,,,,,,,,,,,,,,,,,,,,,,,,,,,,,,,,,,,,,,,,,,,,,,,,,,,,,,,,,,,,,,,,,,,,,,,,,,,,,,,,,,,,,,,,,,,,,,,
2021-07-04 14:05:40,2021-07-04 14:05:48,0,89.138.40.32,100,7,1,2021-07-04 14:05:48,R_T4R9Wg6Go2Xl6vf,,,,,32.0666046142578125,34.76519775390625,anonymous,EN,2,,,,,,,,,,,,,,,,,,,,,,,,,,,,,,,,,,,,,,,,,,,,,,,,,,,,,,,,,,,,,,,,,,,,,,,,,,,,,,,,,,,,,,,,,,,,,,,,,,,,,,,,,
2021-07-04 23:08:08,2021-07-04 23:08:12,0,89.138.40.32,100,3,1,2021-07-04 23:08:12,R_20YhJbhrHJwjJqq,,,,,32.0666046142578125,34.76519775390625,anonymous,EN,2,,,,,,,,,,,,,,,,,,,,,,,,,,,,,,,,,,,,,,,,,,,,,,,,,,,,,,,,,,,,,,,,,,,,,,,,,,,,,,,,,,,,,,,,,,,,,,,,,,,,,,,,,
2021-07-04 23:42:48,2021-07-04 23:43:24,0,5.29.28.122,100,35,1,2021-07-04 23:43:24,R_1kRnC2I5docUjAZ,,,,,32.0666046142578125,34.76519775390625,anonymous,EN,2,,,,,,,,,,,,,,,,,,,,,,,,,,,,,,,,,,,,,,,,,,,,,,,,,,,,,,,,,,,,,,,,,,,,,,,,,,,,,,,,,,,,,,,,,,,,,,,,,,,,,,,,,
2021-07-05 00:21:26,2021-07-05 00:21:30,0,79.179.22.76,100,3,1,2021-07-05 00:21:30,R_2zLLwg2K6l47zSe,,,,,32.0666046142578125,34.76519775390625,anonymous,EN,2,,,,,,,,,,,,,,,,,,,,,,,,,,,,,,,,,,,,,,,,,,,,,,,,,,,,,,,,,,,,,,,,,,,,,,,,,,,,,,,,,,,,,,,,,,,,,,,,,,,,,,,,,
2021-07-05 02:09:25,2021-07-05 02:09:39,0,89.139.126.155,100,13,1,2021-07-05 02:09:40,R_3J2fG5mMlnGQpmQ,,,,,32.0717010498046875,34.8153076171875,anonymous,EN,2,,,,,,,,,,,,,,,,,,,,,,,,,,,,,,,,,,,,,,,,,,,,,,,,,,,,,,,,,,,,,,,,,,,,,,,,,,,,,,,,,,,,,,,,,,,,,,,,,,,,,,,,,
2021-07-05 05:06:25,2021-07-05 05:06:31,0,80.230.193.96,100,6,1,2021-07-05 05:06:32,R_2cBLhHqAz6kT6m5,,,,,32.0666046142578125,34.76519775390625,anonymous,EN,2,,,,,,,,,,,,,,,,,,,,,,,,,,,,,,,,,,,,,,,,,,,,,,,,,,,,,,,,,,,,,,,,,,,,,,,,,,,,,,,,,,,,,,,,,,,,,,,,,,,,,,,,,
2021-07-05 05:45:13,2021-07-05 05:50:42,0,79.177.54.111,100,329,1,2021-07-05 05:50:43,R_u7YAWxcxvHQVbAR,,,,,32.0666046142578125,34.76519775390625,anonymous,EN,1,980,4,1,,,10,8,9,999,4,3,3,,,,,,,,,,,,,,,10,9,8,9,9,9,9,9,9,,,,,,,,,,8,8,9,9,8,9,10,10,10,,,,,,,,,6,2,5,4,7,2,,,,,,,9,9,9,9,9,9,,,,,,,,9,9,0,8,8,0,9,9,0,,,,,,,1,3,25,9
2021-07-05 06:29:44,2021-07-05 06:40:28,0,93.173.113.133,100,643,1,2021-07-05 06:40:28,R_3p8TulbqyLv6Wxe,,,,,32.0666046142578125,34.76519775390625,anonymous,EN,1,980,4,3,,,8,8,7,2,3,999,3,,,,,,,,,,,,9,2,7,9,9,9,,,,7,6,9,,,,,,,4,4,5,7,7,9,,,,9,9,9,,,,,,,4,1,3,3,,,5,3,,,,,7,7,9,9,,,9,9,,,,,3,3,7,6,8,4,,,,7,7,4,,,,,,,1,4,27,8
2021-07-05 08:24:48,2021-07-05 08:24:53,0,77.126.50.140,100,5,1,2021-07-05 08:24:54,R_XI0zB3VqyFPjZDj,,,,,32.0666046142578125,34.76519775390625,anonymous,EN,2,,,,,,,,,,,,,,,,,,,,,,,,,,,,,,,,,,,,,,,,,,,,,,,,,,,,,,,,,,,,,,,,,,,,,,,,,,,,,,,,,,,,,,,,,,,,,,,,,,,,,,,,,
2021-07-05 20:07:09,2021-07-05 20:07:13,0,80.74.107.118,100,3,1,2021-07-05 20:07:13,R_3DbYJCM0zT8Rm9L,,,,,31.7808074951171875,35.22869873046875,anonymous,EN,2,,,,,,,,,,,,,,,,,,,,,,,,,,,,,,,,,,,,,,,,,,,,,,,,,,,,,,,,,,,,,,,,,,,,,,,,,,,,,,,,,,,,,,,,,,,,,,,,,,,,,,,,,
2021-07-05 20:28:33,2021-07-05 20:28:36,8,80.74.107.118,100,3,1,2021-07-05 20:28:36,R_1JIxbI5IMqiAxQK,,,,,31.7808074951171875,35.22869873046875,anonymous,EN,2,,,,,,,,,,,,,,,,,,,,,,,,,,,,,,,,,,,,,,,,,,,,,,,,,,,,,,,,,,,,,,,,,,,,,,,,,,,,,,,,,,,,,,,,,,,,,,,,,,,,,,,,,
2021-07-05 22:17:34,2021-07-05 22:17:41,0,87.71.8.0,100,6,1,2021-07-05 22:17:41,R_2QumPehq8npruiZ,,,,,32.0666046142578125,34.76519775390625,anonymous,EN,2,,,,,,,,,,,,,,,,,,,,,,,,,,,,,,,,,,,,,,,,,,,,,,,,,,,,,,,,,,,,,,,,,,,,,,,,,,,,,,,,,,,,,,,,,,,,,,,,,,,,,,,,,
2021-07-05 22:19:09,2021-07-05 22:19:12,8,87.71.8.0,100,3,1,2021-07-05 22:19:13,R_cRU59mahkO2VXc5,,,,,32.0666046142578125,34.76519775390625,anonymous,EN,2,,,,,,,,,,,,,,,,,,,,,,,,,,,,,,,,,,,,,,,,,,,,,,,,,,,,,,,,,,,,,,,,,,,,,,,,,,,,,,,,,,,,,,,,,,,,,,,,,,,,,,,,,
2021-07-06 05:16:38,2021-07-06 05:16:47,0,2.53.16.55,100,9,1,2021-07-06 05:16:47,R_3Ibo1rw5cF3g6YE,,,,,32.0666046142578125,34.76519775390625,anonymous,EN,2,,,,,,,,,,,,,,,,,,,,,,,,,,,,,,,,,,,,,,,,,,,,,,,,,,,,,,,,,,,,,,,,,,,,,,,,,,,,,,,,,,,,,,,,,,,,,,,,,,,,,,,,,
2021-07-07 07:13:28,2021-07-07 07:13:32,0,79.178.195.12,100,4,1,2021-07-07 07:13:33,R_blMnXL2oPDoPAl3,,,,,32.0666046142578125,34.76519775390625,anonymous,EN,2,,,,,,,,,,,,,,,,,,,,,,,,,,,,,,,,,,,,,,,,,,,,,,,,,,,,,,,,,,,,,,,,,,,,,,,,,,,,,,,,,,,,,,,,,,,,,,,,,,,,,,,,,
2021-07-07 13:32:54,2021-07-07 13:33:02,0,84.108.185.115,100,7,1,2021-07-07 13:33:02,R_1rcO6zNS165g0hn,,,,,32.913299560546875,35.3011016845703125,anonymous,EN,2,,,,,,,,,,,,,,,,,,,,,,,,,,,,,,,,,,,,,,,,,,,,,,,,,,,,,,,,,,,,,,,,,,,,,,,,,,,,,,,,,,,,,,,,,,,,,,,,,,,,,,,,,
2021-07-07 13:35:11,2021-07-07 13:35:18,8,84.108.185.115,100,6,1,2021-07-07 13:35:18,R_wYkJ9IjqDgMlRLz,,,,,32.913299560546875,35.3011016845703125,anonymous,EN,2,,,,,,,,,,,,,,,,,,,,,,,,,,,,,,,,,,,,,,,,,,,,,,,,,,,,,,,,,,,,,,,,,,,,,,,,,,,,,,,,,,,,,,,,,,,,,,,,,,,,,,,,,
2021-07-07 13:37:26,2021-07-07 13:37:33,8,84.108.185.115,100,6,1,2021-07-07 13:37:34,R_xcrO5T4qMRubsS5,,,,,32.913299560546875,35.3011016845703125,anonymous,EN,2,,,,,,,,,,,,,,,,,,,,,,,,,,,,,,,,,,,,,,,,,,,,,,,,,,,,,,,,,,,,,,,,,,,,,,,,,,,,,,,,,,,,,,,,,,,,,,,,,,,,,,,,,
2021-07-11 00:47:54,2021-07-11 00:48:00,0,185.145.28.7,100,5,1,2021-07-11 00:48:01,R_27PRRpMezuoGFBm,,,,,32.012298583984375,34.7704925537109375,anonymous,EN,2,,,,,,,,,,,,,,,,,,,,,,,,,,,,,,,,,,,,,,,,,,,,,,,,,,,,,,,,,,,,,,,,,,,,,,,,,,,,,,,,,,,,,,,,,,,,,,,,,,,,,,,,,
2021-07-11 00:52:33,2021-07-11 00:52:38,0,134.191.232.81,100,5,1,2021-07-11 00:52:38,R_3solIqArgH4CBUg,,,,,32.0666046142578125,34.76519775390625,anonymous,EN,2,,,,,,,,,,,,,,,,,,,,,,,,,,,,,,,,,,,,,,,,,,,,,,,,,,,,,,,,,,,,,,,,,,,,,,,,,,,,,,,,,,,,,,,,,,,,,,,,,,,,,,,,,
2021-07-11 00:53:23,2021-07-11 00:53:25,8,134.191.232.81,100,2,1,2021-07-11 00:53:26,R_3nwp3jHH8uxV4TQ,,,,,32.0666046142578125,34.76519775390625,anonymous,EN,2,,,,,,,,,,,,,,,,,,,,,,,,,,,,,,,,,,,,,,,,,,,,,,,,,,,,,,,,,,,,,,,,,,,,,,,,,,,,,,,,,,,,,,,,,,,,,,,,,,,,,,,,,
2021-07-11 02:38:52,2021-07-11 02:39:00,0,134.191.232.81,100,7,1,2021-07-11 02:39:01,R_2D7hFbTv2OYaK2G,,,,,32.0666046142578125,34.76519775390625,anonymous,EN,2,,,,,,,,,,,,,,,,,,,,,,,,,,,,,,,,,,,,,,,,,,,,,,,,,,,,,,,,,,,,,,,,,,,,,,,,,,,,,,,,,,,,,,,,,,,,,,,,,,,,,,,,,
2021-07-11 03:02:36,2021-07-11 03:02:48,0,134.191.232.83,100,11,1,2021-07-11 03:02:50,R_21gIoTur2jdzYS8,,,,,32.0666046142578125,34.76519775390625,anonymous,EN,2,,,,,,,,,,,,,,,,,,,,,,,,,,,,,,,,,,,,,,,,,,,,,,,,,,,,,,,,,,,,,,,,,,,,,,,,,,,,,,,,,,,,,,,,,,,,,,,,,,,,,,,,,
2021-07-11 03:19:33,2021-07-11 03:19:48,0,134.191.232.81,100,14,1,2021-07-11 03:19:48,R_W3CaGtRXbjx8eiJ,,,,,32.0666046142578125,34.76519775390625,anonymous,EN,2,,,,,,,,,,,,,,,,,,,,,,,,,,,,,,,,,,,,,,,,,,,,,,,,,,,,,,,,,,,,,,,,,,,,,,,,,,,,,,,,,,,,,,,,,,,,,,,,,,,,,,,,,
2021-07-11 04:27:44,2021-07-11 04:27:56,0,134.191.232.85,100,11,1,2021-07-11 04:27:56,R_3LjN54IC9h9Wohv,,,,,32.0666046142578125,34.76519775390625,anonymous,EN,2,,,,,,,,,,,,,,,,,,,,,,,,,,,,,,,,,,,,,,,,,,,,,,,,,,,,,,,,,,,,,,,,,,,,,,,,,,,,,,,,,,,,,,,,,,,,,,,,,,,,,,,,,
2021-07-11 04:57:57,2021-07-11 04:58:01,0,134.191.233.206,100,4,1,2021-07-11 04:58:01,R_1OCa1Waoyr2eo9D,,,,,32.0666046142578125,34.76519775390625,anonymous,EN,2,,,,,,,,,,,,,,,,,,,,,,,,,,,,,,,,,,,,,,,,,,,,,,,,,,,,,,,,,,,,,,,,,,,,,,,,,,,,,,,,,,,,,,,,,,,,,,,,,,,,,,,,,
2021-07-11 10:52:19,2021-07-11 10:52:35,0,134.191.232.85,100,15,1,2021-07-11 10:52:35,R_UtouFZdsTW3iNmV,,,,,32.0666046142578125,34.76519775390625,anonymous,EN,2,,,,,,,,,,,,,,,,,,,,,,,,,,,,,,,,,,,,,,,,,,,,,,,,,,,,,,,,,,,,,,,,,,,,,,,,,,,,,,,,,,,,,,,,,,,,,,,,,,,,,,,,,
2021-07-11 15:18:50,2021-07-11 15:18:58,0,109.64.200.163,100,8,1,2021-07-11 15:18:59,R_2U3pm1y3r1JGNf4,,,,,32.0666046142578125,34.76519775390625,anonymous,EN,2,,,,,,,,,,,,,,,,,,,,,,,,,,,,,,,,,,,,,,,,,,,,,,,,,,,,,,,,,,,,,,,,,,,,,,,,,,,,,,,,,,,,,,,,,,,,,,,,,,,,,,,,,
2021-07-05 00:12:44,2021-07-05 00:17:30,0,79.179.22.76,4,285,0,2021-07-12 00:17:31,R_3jZqrnbqIQhsgMv,,,,,,,anonymous,EN,,,,,,,,,,,,,,,,,,,,,,,,,,,,,,,,,,,,,,,,,,,,,,,,,,,,,,,,,,,,,,,,,,,,,,,,,,,,,,,,,,,,,,,,,,,,,,,,,,,,,,,,,,
2021-07-12 01:02:47,2021-07-12 01:02:51,0,185.145.28.7,100,4,1,2021-07-12 01:02:52,R_3gYNXWVV0qOGYY6,,,,,32.012298583984375,34.7704925537109375,anonymous,EN,2,,,,,,,,,,,,,,,,,,,,,,,,,,,,,,,,,,,,,,,,,,,,,,,,,,,,,,,,,,,,,,,,,,,,,,,,,,,,,,,,,,,,,,,,,,,,,,,,,,,,,,,,,
2021-07-12 01:09:05,2021-07-12 01:09:10,8,185.145.28.7,100,4,1,2021-07-12 01:09:11,R_2EsLiNu6AjahE5x,,,,,32.012298583984375,34.7704925537109375,anonymous,EN,2,,,,,,,,,,,,,,,,,,,,,,,,,,,,,,,,,,,,,,,,,,,,,,,,,,,,,,,,,,,,,,,,,,,,,,,,,,,,,,,,,,,,,,,,,,,,,,,,,,,,,,,,,
2021-07-12 05:29:33,2021-07-12 05:29:41,0,185.145.28.7,100,7,1,2021-07-12 05:29:41,R_125eBqmr7yyUPIc,,,,,32.012298583984375,34.7704925537109375,anonymous,EN,2,,,,,,,,,,,,,,,,,,,,,,,,,,,,,,,,,,,,,,,,,,,,,,,,,,,,,,,,,,,,,,,,,,,,,,,,,,,,,,,,,,,,,,,,,,,,,,,,,,,,,,,,,
2021-07-15 02:52:58,2021-07-15 02:53:15,0,185.145.28.7,100,17,1,2021-07-15 02:53:16,R_1CdYizpctBfdMfs,,,,,32.012298583984375,34.7704925537109375,anonymous,EN,2,,,,,,,,,,,,,,,,,,,,,,,,,,,,,,,,,,,,,,,,,,,,,,,,,,,,,,,,,,,,,,,,,,,,,,,,,,,,,,,,,,,,,,,,,,,,,,,,,,,,,,,,,
2021-07-15 11:21:35,2021-07-15 11:21:39,0,185.46.78.1,100,4,1,2021-07-15 11:21:39,R_2y9R7ShgCBXLS8W,,,,,32.0666046142578125,34.76519775390625,anonymous,EN,2,,,,,,,,,,,,,,,,,,,,,,,,,,,,,,,,,,,,,,,,,,,,,,,,,,,,,,,,,,,,,,,,,,,,,,,,,,,,,,,,,,,,,,,,,,,,,,,,,,,,,,,,,
2021-07-15 11:35:45,2021-07-15 11:35:50,0,2.55.173.52,100,4,1,2021-07-15 11:35:50,R_1lzdySCz6v4EmWP,,,,,32.0666046142578125,34.76519775390625,anonymous,EN,2,,,,,,,,,,,,,,,,,,,,,,,,,,,,,,,,,,,,,,,,,,,,,,,,,,,,,,,,,,,,,,,,,,,,,,,,,,,,,,,,,,,,,,,,,,,,,,,,,,,,,,,,,
2021-07-15 11:40:36,2021-07-15 11:40:59,0,176.12.246.123,100,23,1,2021-07-15 11:40:59,R_pcqStvVvR54Ncid,,,,,32.0666046142578125,34.76519775390625,anonymous,EN,2,,,,,,,,,,,,,,,,,,,,,,,,,,,,,,,,,,,,,,,,,,,,,,,,,,,,,,,,,,,,,,,,,,,,,,,,,,,,,,,,,,,,,,,,,,,,,,,,,,,,,,,,,
2021-07-15 11:43:22,2021-07-15 11:43:31,8,176.12.246.123,100,8,1,2021-07-15 11:43:32,R_2qek7BTruC2q2CR,,,,,32.0666046142578125,34.76519775390625,anonymous,EN,2,,,,,,,,,,,,,,,,,,,,,,,,,,,,,,,,,,,,,,,,,,,,,,,,,,,,,,,,,,,,,,,,,,,,,,,,,,,,,,,,,,,,,,,,,,,,,,,,,,,,,,,,,
2021-07-15 12:37:08,2021-07-15 12:38:51,0,46.121.244.213,100,102,1,2021-07-15 12:38:51,R_bgflzcAtOADpcxr,,,,,31.7808074951171875,35.22869873046875,anonymous,EN,2,,,,,,,,,,,,,,,,,,,,,,,,,,,,,,,,,,,,,,,,,,,,,,,,,,,,,,,,,,,,,,,,,,,,,,,,,,,,,,,,,,,,,,,,,,,,,,,,,,,,,,,,,
2021-07-15 12:58:30,2021-07-15 12:58:33,0,176.230.181.132,100,3,1,2021-07-15 12:58:34,R_3GjIvCHF5W43Yv0,,,,,31.7808074951171875,35.22869873046875,anonymous,EN,2,,,,,,,,,,,,,,,,,,,,,,,,,,,,,,,,,,,,,,,,,,,,,,,,,,,,,,,,,,,,,,,,,,,,,,,,,,,,,,,,,,,,,,,,,,,,,,,,,,,,,,,,,
2021-07-17 23:59:55,2021-07-18 00:00:12,0,91.227.165.5,100,17,1,2021-07-18 00:00:12,R_33D49CyXFX4hAlH,,,,,32.0821075439453125,34.81219482421875,anonymous,EN,2,,,,,,,,,,,,,,,,,,,,,,,,,,,,,,,,,,,,,,,,,,,,,,,,,,,,,,,,,,,,,,,,,,,,,,,,,,,,,,,,,,,,,,,,,,,,,,,,,,,,,,,,,
2021-07-18 00:50:07,2021-07-18 00:58:19,0,91.227.165.5,100,492,1,2021-07-18 00:58:20,R_2mCuBQtkFrEieXv,,,,,32.0821075439453125,34.81219482421875,anonymous,EN,1,507,4,4,,,6,8,4,2,3,4,4,,,,,,,,,,,,7,7,7,5,5,8,7,7,5,,,,,,,,,,7,7,7,7,7,8,3,3,2,,,,,,,,,,8,3,6,3,9,1,,,,,,,7,7,9,9,6,7,,,,,,,8,8,2,10,10,0,7,7,6,,,,,,,,,,1,4,42,10
2021-07-18 01:10:20,2021-07-18 01:10:30,0,93.173.99.43,100,10,1,2021-07-18 01:10:31,R_3KQ760yzs90emY0,,,,,32.0666046142578125,34.76519775390625,anonymous,EN,2,,,,,,,,,,,,,,,,,,,,,,,,,,,,,,,,,,,,,,,,,,,,,,,,,,,,,,,,,,,,,,,,,,,,,,,,,,,,,,,,,,,,,,,,,,,,,,,,,,,,,,,,,
2021-07-18 05:00:06,2021-07-18 05:00:09,0,199.203.224.126,100,3,1,2021-07-18 05:00:09,R_2R1vMZbobId4SZx,,,,,32.0272064208984375,34.847198486328125,anonymous,EN,2,,,,,,,,,,,,,,,,,,,,,,,,,,,,,,,,,,,,,,,,,,,,,,,,,,,,,,,,,,,,,,,,,,,,,,,,,,,,,,,,,,,,,,,,,,,,,,,,,,,,,,,,,
2021-07-19 03:33:41,2021-07-19 03:33:49,0,192.116.75.30,100,7,1,2021-07-19 03:33:49,R_2CEpjEfLFZb750j,,,,,32.1678924560546875,34.8339996337890625,anonymous,EN,2,,,,,,,,,,,,,,,,,,,,,,,,,,,,,,,,,,,,,,,,,,,,,,,,,,,,,,,,,,,,,,,,,,,,,,,,,,,,,,,,,,,,,,,,,,,,,,,,,,,,,,,,,
2021-07-04 13:58:15,2021-07-19 03:30:07,0,132.64.35.127,4,1258311,0,2021-07-26 03:30:07,R_1Nq4wdtvpIORLPP,,,,,,,anonymous,EN,1,,,,,,,,,,,,,,,,,,,,,,,,,,,,,,,,,,,,,,,,,,,,,,,,,,,,,,,,,,,,,,,,,,,,,,,,,,,,,,,,,,,,,,,,,,,,,,,,,,,,,,,,,
2021-08-01 08:35:51,2021-08-01 08:36:04,0,31.168.170.36,100,13,1,2021-08-01 08:36:05,R_31RdeUSnsabAZZo,,,,,31.814697265625,34.78460693359375,anonymous,EN,2,,,,,,,,,,,,,,,,,,,,,,,,,,,,,,,,,,,,,,,,,,,,,,,,,,,,,,,,,,,,,,,,,,,,,,,,,,,,,,,,,,,,,,,,,,,,,,,,,,,,,,,,,
2021-08-10 07:38:10,2021-08-10 07:38:19,0,31.168.170.36,100,9,1,2021-08-10 07:38:20,R_3HGolr3RWytR5M6,,,,,31.814697265625,34.78460693359375,anonymous,EN,2,,,,,,,,,,,,,,,,,,,,,,,,,,,,,,,,,,,,,,,,,,,,,,,,,,,,,,,,,,,,,,,,,,,,,,,,,,,,,,,,,,,,,,,,,,,,,,,,,,,,,,,,,
